2013-6-1,1,1,7
2013-6-2,1,2,4
2013-6-3,1,3,3
2013-6-1,2,4,10
2013-6-2,2,5,11
2013-6-3,2,6,11
2013-6-1,3,7,1
2013-6-2,3,8,4
2013-6-3,3,9,9
2013-6-1,4,10,17
2013-6-2,4,11,12
2013-6-3,4,12,14
2013-6-1,5,13,18
2013-6-2,5,14,12
2013-6-3,5,15,4
2013-6-1,6,16,18
2013-6-2,6,17,2
2013-6-3,6,18,12
2013-6-1,7,19,14
2013-6-2,7,20,19
2013-6-3,7,21,13
2013-6-1,8,22,9
2013-6-2,8,23,17
2013-6-3,8,24,6
2013-6-1,9,25,5
2013-6-2,9,26,8
2013-6-3,9,27,11
2013-6-1,10,28,19
2013-6-2,10,29,12
2013-6-3,10,30,11
2013-6-1,11,31,15
2013-6-2,11,32,3
2013-6-3,11,33,12
2013-6-1,12,34,12
2013-6-2,12,35,3
2013-6-3,12,36,11
2013-6-1,13,37,19
2013-6-2,13,38,10
2013-6-3,13,39,10
2013-6-1,14,40,0
2013-6-2,14,41,6
2013-6-3,14,42,5
2013-6-1,15,43,8
2013-6-2,15,44,10
2013-6-3,15,45,10
2013-6-1,16,46,4
2013-6-2,16,47,7
2013-6-3,16,48,0
2013-6-1,17,49,9
2013-6-2,17,50,4
2013-6-3,17,51,18
2013-6-1,18,52,5
2013-6-2,18,53,15
2013-6-3,18,54,18
2013-6-1,19,55,9
2013-6-2,19,56,9
2013-6-3,19,57,1
2013-6-1,20,58,18
2013-6-2,20,59,11
2013-6-3,20,60,5
2013-6-1,21,61,12
2013-6-2,21,62,4
2013-6-3,21,63,0
2013-6-1,22,64,6
2013-6-2,22,65,14
2013-6-3,22,66,13
2013-6-1,23,67,7
2013-6-2,23,68,10
2013-6-3,23,69,1
2013-6-1,24,70,16
2013-6-2,24,71,17
2013-6-3,24,72,14
2013-6-1,25,73,10
2013-6-2,25,74,2
2013-6-3,25,75,8
2013-6-1,26,76,5
2013-6-2,26,77,5
2013-6-3,26,78,7
2013-6-1,27,79,15
2013-6-2,27,80,8
2013-6-3,27,81,4
2013-6-1,28,82,15
2013-6-2,28,83,7
2013-6-3,28,84,3
2013-6-1,29,85,6
2013-6-2,29,86,5
2013-6-3,29,87,11
2013-6-1,30,88,7
2013-6-2,30,89,5
2013-6-3,30,90,4
2013-6-1,31,91,1
2013-6-2,31,92,18
2013-6-3,31,93,3
2013-6-1,32,94,3
2013-6-2,32,95,16
2013-6-3,32,96,5
2013-6-1,33,97,10
2013-6-2,33,98,19
2013-6-3,33,99,3
2013-6-1,34,100,8
2013-6-2,34,101,5
2013-6-3,34,102,17
2013-6-1,35,103,12
2013-6-2,35,104,9
2013-6-3,35,105,15
2013-6-1,36,106,17
2013-6-2,36,107,2
2013-6-3,36,108,19
2013-6-1,37,109,11
2013-6-2,37,110,15
2013-6-3,37,111,16
2013-6-1,38,112,6
2013-6-2,38,113,5
2013-6-3,38,114,8
2013-6-1,39,115,15
2013-6-2,39,116,2
2013-6-3,39,117,11
2013-6-1,40,118,1
2013-6-2,40,119,0
2013-6-3,40,120,0
2013-6-1,41,121,16
2013-6-2,41,122,12
2013-6-3,41,123,11
2013-6-1,42,124,0
2013-6-2,42,125,16
2013-6-3,42,126,5
2013-6-1,43,127,4
2013-6-2,43,128,8
2013-6-3,43,129,6
2013-6-1,44,130,9
2013-6-2,44,131,4
2013-6-3,44,132,17
2013-6-1,45,133,2
2013-6-2,45,134,17
2013-6-3,45,135,15
2013-6-1,46,136,17
2013-6-2,46,137,6
2013-6-3,46,138,1
2013-6-1,47,139,13
2013-6-2,47,140,14
2013-6-3,47,141,7
2013-6-1,48,142,7
2013-6-2,48,143,0
2013-6-3,48,144,19
2013-6-1,49,145,2
2013-6-2,49,146,11
2013-6-3,49,147,9
2013-6-1,50,148,17
2013-6-2,50,149,13
2013-6-3,50,150,18
2013-6-1,51,151,19
2013-6-2,51,152,8
2013-6-3,51,153,4
2013-6-1,52,154,17
2013-6-2,52,155,17
2013-6-3,52,156,16
2013-6-1,53,157,16
2013-6-2,53,158,0
2013-6-3,53,159,0
2013-6-1,54,160,7
2013-6-2,54,161,16
2013-6-3,54,162,11
2013-6-1,55,163,4
2013-6-2,55,164,8
2013-6-3,55,165,8
2013-6-1,56,166,11
2013-6-2,56,167,16
2013-6-3,56,168,7
2013-6-1,57,169,15
2013-6-2,57,170,10
2013-6-3,57,171,6
2013-6-1,58,172,12
2013-6-2,58,173,1
2013-6-3,58,174,6
2013-6-1,59,175,5
2013-6-2,59,176,10
2013-6-3,59,177,9
2013-6-1,60,178,5
2013-6-2,60,179,18
2013-6-3,60,180,5
2013-6-1,61,181,10
2013-6-2,61,182,7
2013-6-3,61,183,14
2013-6-1,62,184,19
2013-6-2,62,185,0
2013-6-3,62,186,16
2013-6-1,63,187,9
2013-6-2,63,188,9
2013-6-3,63,189,14
2013-6-1,64,190,9
2013-6-2,64,191,12
2013-6-3,64,192,14
2013-6-1,65,193,18
2013-6-2,65,194,13
2013-6-3,65,195,17
2013-6-1,66,196,6
2013-6-2,66,197,1
2013-6-3,66,198,17
2013-6-1,67,199,9
2013-6-2,67,200,13
2013-6-3,67,201,19
2013-6-1,68,202,9
2013-6-2,68,203,12
2013-6-3,68,204,2
2013-6-1,69,205,2
2013-6-2,69,206,1
2013-6-3,69,207,5
2013-6-1,70,208,10
2013-6-2,70,209,3
2013-6-3,70,210,13
2013-6-1,71,211,12
2013-6-2,71,212,18
2013-6-3,71,213,14
2013-6-1,72,214,6
2013-6-2,72,215,3
2013-6-3,72,216,18
2013-6-1,73,217,8
2013-6-2,73,218,7
2013-6-3,73,219,9
2013-6-1,74,220,0
2013-6-2,74,221,16
2013-6-3,74,222,15
2013-6-1,75,223,16
2013-6-2,75,224,5
2013-6-3,75,225,10
2013-6-1,76,226,0
2013-6-2,76,227,3
2013-6-3,76,228,15
2013-6-1,77,229,6
2013-6-2,77,230,13
2013-6-3,77,231,19
2013-6-1,78,232,1
2013-6-2,78,233,4
2013-6-3,78,234,17
2013-6-1,79,235,7
2013-6-2,79,236,7
2013-6-3,79,237,2
2013-6-1,80,238,5
2013-6-2,80,239,14
2013-6-3,80,240,17
2013-6-1,81,241,1
2013-6-2,81,242,4
2013-6-3,81,243,1
2013-6-1,82,244,12
2013-6-2,82,245,18
2013-6-3,82,246,17
2013-6-1,83,247,3
2013-6-2,83,248,8
2013-6-3,83,249,8
2013-6-1,84,250,14
2013-6-2,84,251,12
2013-6-3,84,252,17
2013-6-1,85,253,18
2013-6-2,85,254,8
2013-6-3,85,255,11
2013-6-1,86,256,13
2013-6-2,86,257,14
2013-6-3,86,258,4
2013-6-1,87,259,16
2013-6-2,87,260,10
2013-6-3,87,261,17
2013-6-1,88,262,13
2013-6-2,88,263,10
2013-6-3,88,264,9
2013-6-1,89,265,7
2013-6-2,89,266,15
2013-6-3,89,267,11
2013-6-1,90,268,0
2013-6-2,90,269,8
2013-6-3,90,270,12
2013-6-1,91,271,8
2013-6-2,91,272,11
2013-6-3,91,273,5
2013-6-1,92,274,1
2013-6-2,92,275,12
2013-6-3,92,276,18
2013-6-1,93,277,1
2013-6-2,93,278,14
2013-6-3,93,279,18
2013-6-1,94,280,0
2013-6-2,94,281,0
2013-6-3,94,282,11
2013-6-1,95,283,15
2013-6-2,95,284,7
2013-6-3,95,285,17
2013-6-1,96,286,3
2013-6-2,96,287,18
2013-6-3,96,288,1
2013-6-1,97,289,8
2013-6-2,97,290,3
2013-6-3,97,291,6
2013-6-1,98,292,16
2013-6-2,98,293,6
2013-6-3,98,294,11
2013-6-1,99,295,2
2013-6-2,99,296,15
2013-6-3,99,297,9
2013-6-1,100,298,10
2013-6-2,100,299,4
2013-6-3,100,300,1
2013-6-1,101,301,17
2013-6-2,101,302,15
2013-6-3,101,303,9
2013-6-1,102,304,14
2013-6-2,102,305,13
2013-6-3,102,306,1
2013-6-1,103,307,10
2013-6-2,103,308,16
2013-6-3,103,309,0
2013-6-1,104,310,7
2013-6-2,104,311,15
2013-6-3,104,312,4
2013-6-1,105,313,12
2013-6-2,105,314,17
2013-6-3,105,315,0
2013-6-1,106,316,19
2013-6-2,106,317,8
2013-6-3,106,318,7
2013-6-1,107,319,9
2013-6-2,107,320,13
2013-6-3,107,321,18
2013-6-1,108,322,0
2013-6-2,108,323,12
2013-6-3,108,324,5
2013-6-1,109,325,0
2013-6-2,109,326,0
2013-6-3,109,327,19
2013-6-1,110,328,10
2013-6-2,110,329,12
2013-6-3,110,330,2
2013-6-1,111,331,15
2013-6-2,111,332,9
2013-6-3,111,333,16
2013-6-1,112,334,6
2013-6-2,112,335,19
2013-6-3,112,336,15
2013-6-1,113,337,0
2013-6-2,113,338,7
2013-6-3,113,339,14
2013-6-1,114,340,0
2013-6-2,114,341,15
2013-6-3,114,342,5
2013-6-1,115,343,8
2013-6-2,115,344,12
2013-6-3,115,345,4
2013-6-1,116,346,9
2013-6-2,116,347,9
2013-6-3,116,348,9
2013-6-1,117,349,4
2013-6-2,117,350,10
2013-6-3,117,351,8
2013-6-1,118,352,13
2013-6-2,118,353,6
2013-6-3,118,354,12
2013-6-1,119,355,3
2013-6-2,119,356,4
2013-6-3,119,357,16
2013-6-1,120,358,8
2013-6-2,120,359,12
2013-6-3,120,360,3
2013-6-1,121,361,18
2013-6-2,121,362,8
2013-6-3,121,363,7
2013-6-1,122,364,17
2013-6-2,122,365,14
2013-6-3,122,366,9
2013-6-1,123,367,11
2013-6-2,123,368,7
2013-6-3,123,369,5
2013-6-1,124,370,11
2013-6-2,124,371,4
2013-6-3,124,372,4
2013-6-1,125,373,1
2013-6-2,125,374,4
2013-6-3,125,375,19
2013-6-1,126,376,10
2013-6-2,126,377,12
2013-6-3,126,378,1
2013-6-1,127,379,10
2013-6-2,127,380,12
2013-6-3,127,381,13
2013-6-1,128,382,18
2013-6-2,128,383,2
2013-6-3,128,384,5
2013-6-1,129,385,14
2013-6-2,129,386,17
2013-6-3,129,387,1
2013-6-1,130,388,6
2013-6-2,130,389,9
2013-6-3,130,390,3
2013-6-1,131,391,10
2013-6-2,131,392,4
2013-6-3,131,393,13
2013-6-1,132,394,7
2013-6-2,132,395,9
2013-6-3,132,396,13
2013-6-1,133,397,6
2013-6-2,133,398,12
2013-6-3,133,399,9
2013-6-1,134,400,17
2013-6-2,134,401,10
2013-6-3,134,402,2
2013-6-1,135,403,12
2013-6-2,135,404,1
2013-6-3,135,405,2
2013-6-1,136,406,8
2013-6-2,136,407,9
2013-6-3,136,408,19
2013-6-1,137,409,0
2013-6-2,137,410,13
2013-6-3,137,411,17
2013-6-1,138,412,1
2013-6-2,138,413,14
2013-6-3,138,414,16
2013-6-1,139,415,8
2013-6-2,139,416,1
2013-6-3,139,417,4
2013-6-1,140,418,15
2013-6-2,140,419,4
2013-6-3,140,420,18
2013-6-1,141,421,4
2013-6-2,141,422,1
2013-6-3,141,423,5
2013-6-1,142,424,19
2013-6-2,142,425,3
2013-6-3,142,426,0
2013-6-1,143,427,15
2013-6-2,143,428,4
2013-6-3,143,429,9
2013-6-1,144,430,3
2013-6-2,144,431,9
2013-6-3,144,432,1
2013-6-1,145,433,2
2013-6-2,145,434,7
2013-6-3,145,435,11
2013-6-1,146,436,6
2013-6-2,146,437,7
2013-6-3,146,438,1
2013-6-1,147,439,6
2013-6-2,147,440,12
2013-6-3,147,441,0
2013-6-1,148,442,12
2013-6-2,148,443,8
2013-6-3,148,444,12
2013-6-1,149,445,8
2013-6-2,149,446,17
2013-6-3,149,447,6
2013-6-1,150,448,14
2013-6-2,150,449,19
2013-6-3,150,450,1
2013-6-1,151,451,12
2013-6-2,151,452,18
2013-6-3,151,453,17
2013-6-1,152,454,6
2013-6-2,152,455,8
2013-6-3,152,456,2
2013-6-1,153,457,10
2013-6-2,153,458,6
2013-6-3,153,459,11
2013-6-1,154,460,3
2013-6-2,154,461,6
2013-6-3,154,462,17
2013-6-1,155,463,14
2013-6-2,155,464,11
2013-6-3,155,465,16
2013-6-1,156,466,2
2013-6-2,156,467,0
2013-6-3,156,468,4
2013-6-1,157,469,16
2013-6-2,157,470,18
2013-6-3,157,471,1
2013-6-1,158,472,16
2013-6-2,158,473,0
2013-6-3,158,474,14
2013-6-1,159,475,2
2013-6-2,159,476,4
2013-6-3,159,477,2
2013-6-1,160,478,3
2013-6-2,160,479,12
2013-6-3,160,480,3
2013-6-1,161,481,3
2013-6-2,161,482,11
2013-6-3,161,483,3
2013-6-1,162,484,7
2013-6-2,162,485,2
2013-6-3,162,486,5
2013-6-1,163,487,9
2013-6-2,163,488,11
2013-6-3,163,489,4
2013-6-1,164,490,1
2013-6-2,164,491,1
2013-6-3,164,492,2
2013-6-1,165,493,18
2013-6-2,165,494,12
2013-6-3,165,495,9
2013-6-1,166,496,7
2013-6-2,166,497,10
2013-6-3,166,498,4
2013-6-1,167,499,15
2013-6-2,167,500,15
2013-6-3,167,501,16
2013-6-1,168,502,9
2013-6-2,168,503,3
2013-6-3,168,504,3
2013-6-1,169,505,0
2013-6-2,169,506,15
2013-6-3,169,507,0
2013-6-1,170,508,18
2013-6-2,170,509,8
2013-6-3,170,510,3
2013-6-1,171,511,10
2013-6-2,171,512,11
2013-6-3,171,513,15
2013-6-1,172,514,5
2013-6-2,172,515,7
2013-6-3,172,516,4
2013-6-1,173,517,18
2013-6-2,173,518,16
2013-6-3,173,519,18
2013-6-1,174,520,17
2013-6-2,174,521,12
2013-6-3,174,522,2
2013-6-1,175,523,11
2013-6-2,175,524,4
2013-6-3,175,525,1
2013-6-1,176,526,18
2013-6-2,176,527,18
2013-6-3,176,528,6
2013-6-1,177,529,3
2013-6-2,177,530,1
2013-6-3,177,531,4
2013-6-1,178,532,10
2013-6-2,178,533,8
2013-6-3,178,534,17
2013-6-1,179,535,0
2013-6-2,179,536,1
2013-6-3,179,537,8
2013-6-1,180,538,1
2013-6-2,180,539,12
2013-6-3,180,540,14
2013-6-1,181,541,8
2013-6-2,181,542,9
2013-6-3,181,543,11
2013-6-1,182,544,8
2013-6-2,182,545,1
2013-6-3,182,546,12
2013-6-1,183,547,11
2013-6-2,183,548,15
2013-6-3,183,549,3
2013-6-1,184,550,1
2013-6-2,184,551,4
2013-6-3,184,552,12
2013-6-1,185,553,17
2013-6-2,185,554,13
2013-6-3,185,555,7
2013-6-1,186,556,10
2013-6-2,186,557,2
2013-6-3,186,558,9
2013-6-1,187,559,5
2013-6-2,187,560,14
2013-6-3,187,561,19
2013-6-1,188,562,19
2013-6-2,188,563,12
2013-6-3,188,564,14
2013-6-1,189,565,11
2013-6-2,189,566,17
2013-6-3,189,567,0
2013-6-1,190,568,14
2013-6-2,190,569,8
2013-6-3,190,570,17
2013-6-1,191,571,4
2013-6-2,191,572,15
2013-6-3,191,573,19
2013-6-1,192,574,16
2013-6-2,192,575,8
2013-6-3,192,576,14
2013-6-1,193,577,12
2013-6-2,193,578,4
2013-6-3,193,579,12
2013-6-1,194,580,17
2013-6-2,194,581,9
2013-6-3,194,582,6
2013-6-1,195,583,6
2013-6-2,195,584,13
2013-6-3,195,585,5
2013-6-1,196,586,4
2013-6-2,196,587,8
2013-6-3,196,588,4
2013-6-1,197,589,5
2013-6-2,197,590,11
2013-6-3,197,591,5
2013-6-1,198,592,13
2013-6-2,198,593,9
2013-6-3,198,594,13
2013-6-1,199,595,10
2013-6-2,199,596,19
2013-6-3,199,597,6
2013-6-1,200,598,2
2013-6-2,200,599,15
2013-6-3,200,600,18
2013-6-1,201,601,17
2013-6-2,201,602,1
2013-6-3,201,603,7
2013-6-1,202,604,14
2013-6-2,202,605,16
2013-6-3,202,606,18
2013-6-1,203,607,13
2013-6-2,203,608,19
2013-6-3,203,609,0
2013-6-1,204,610,4
2013-6-2,204,611,8
2013-6-3,204,612,9
2013-6-1,205,613,13
2013-6-2,205,614,1
2013-6-3,205,615,10
2013-6-1,206,616,10
2013-6-2,206,617,15
2013-6-3,206,618,17
2013-6-1,207,619,7
2013-6-2,207,620,5
2013-6-3,207,621,19
2013-6-1,208,622,1
2013-6-2,208,623,4
2013-6-3,208,624,10
2013-6-1,209,625,11
2013-6-2,209,626,4
2013-6-3,209,627,18
2013-6-1,210,628,8
2013-6-2,210,629,4
2013-6-3,210,630,13
2013-6-1,211,631,4
2013-6-2,211,632,14
2013-6-3,211,633,17
2013-6-1,212,634,4
2013-6-2,212,635,6
2013-6-3,212,636,7
2013-6-1,213,637,8
2013-6-2,213,638,18
2013-6-3,213,639,14
2013-6-1,214,640,12
2013-6-2,214,641,5
2013-6-3,214,642,0
2013-6-1,215,643,17
2013-6-2,215,644,17
2013-6-3,215,645,3
2013-6-1,216,646,11
2013-6-2,216,647,14
2013-6-3,216,648,1
2013-6-1,217,649,15
2013-6-2,217,650,8
2013-6-3,217,651,10
2013-6-1,218,652,6
2013-6-2,218,653,4
2013-6-3,218,654,11
2013-6-1,219,655,12
2013-6-2,219,656,17
2013-6-3,219,657,0
2013-6-1,220,658,6
2013-6-2,220,659,17
2013-6-3,220,660,14
2013-6-1,221,661,10
2013-6-2,221,662,16
2013-6-3,221,663,0
2013-6-1,222,664,13
2013-6-2,222,665,1
2013-6-3,222,666,11
2013-6-1,223,667,0
2013-6-2,223,668,17
2013-6-3,223,669,6
2013-6-1,224,670,7
2013-6-2,224,671,6
2013-6-3,224,672,10
2013-6-1,225,673,15
2013-6-2,225,674,13
2013-6-3,225,675,2
2013-6-1,226,676,18
2013-6-2,226,677,14
2013-6-3,226,678,9
2013-6-1,227,679,3
2013-6-2,227,680,4
2013-6-3,227,681,8
2013-6-1,228,682,16
2013-6-2,228,683,3
2013-6-3,228,684,15
2013-6-1,229,685,11
2013-6-2,229,686,5
2013-6-3,229,687,6
2013-6-1,230,688,14
2013-6-2,230,689,0
2013-6-3,230,690,6
2013-6-1,231,691,2
2013-6-2,231,692,5
2013-6-3,231,693,3
2013-6-1,232,694,8
2013-6-2,232,695,7
2013-6-3,232,696,11
2013-6-1,233,697,13
2013-6-2,233,698,5
2013-6-3,233,699,13
2013-6-1,234,700,13
2013-6-2,234,701,4
2013-6-3,234,702,11
2013-6-1,235,703,19
2013-6-2,235,704,0
2013-6-3,235,705,18
2013-6-1,236,706,18
2013-6-2,236,707,0
2013-6-3,236,708,11
2013-6-1,237,709,19
2013-6-2,237,710,5
2013-6-3,237,711,9
2013-6-1,238,712,5
2013-6-2,238,713,12
2013-6-3,238,714,13
2013-6-1,239,715,5
2013-6-2,239,716,15
2013-6-3,239,717,13
2013-6-1,240,718,19
2013-6-2,240,719,13
2013-6-3,240,720,1
2013-6-1,241,721,3
2013-6-2,241,722,1
2013-6-3,241,723,17
2013-6-1,242,724,8
2013-6-2,242,725,8
2013-6-3,242,726,17
2013-6-1,243,727,13
2013-6-2,243,728,16
2013-6-3,243,729,6
2013-6-1,244,730,7
2013-6-2,244,731,5
2013-6-3,244,732,15
2013-6-1,245,733,18
2013-6-2,245,734,16
2013-6-3,245,735,11
2013-6-1,246,736,14
2013-6-2,246,737,14
2013-6-3,246,738,3
2013-6-1,247,739,2
2013-6-2,247,740,14
2013-6-3,247,741,17
2013-6-1,248,742,0
2013-6-2,248,743,4
2013-6-3,248,744,8
2013-6-1,249,745,10
2013-6-2,249,746,12
2013-6-3,249,747,1
2013-6-1,250,748,3
2013-6-2,250,749,13
2013-6-3,250,750,1
2013-6-1,251,751,7
2013-6-2,251,752,7
2013-6-3,251,753,5
2013-6-1,252,754,18
2013-6-2,252,755,3
2013-6-3,252,756,16
2013-6-1,253,757,5
2013-6-2,253,758,19
2013-6-3,253,759,17
2013-6-1,254,760,0
2013-6-2,254,761,18
2013-6-3,254,762,11
2013-6-1,255,763,9
2013-6-2,255,764,6
2013-6-3,255,765,1
2013-6-1,256,766,19
2013-6-2,256,767,3
2013-6-3,256,768,0
2013-6-1,257,769,7
2013-6-2,257,770,17
2013-6-3,257,771,8
2013-6-1,258,772,12
2013-6-2,258,773,0
2013-6-3,258,774,17
2013-6-1,259,775,11
2013-6-2,259,776,19
2013-6-3,259,777,10
2013-6-1,260,778,16
2013-6-2,260,779,2
2013-6-3,260,780,14
2013-6-1,261,781,15
2013-6-2,261,782,14
2013-6-3,261,783,6
2013-6-1,262,784,15
2013-6-2,262,785,18
2013-6-3,262,786,2
2013-6-1,263,787,6
2013-6-2,263,788,12
2013-6-3,263,789,13
2013-6-1,264,790,2
2013-6-2,264,791,13
2013-6-3,264,792,15
2013-6-1,265,793,7
2013-6-2,265,794,16
2013-6-3,265,795,0
2013-6-1,266,796,7
2013-6-2,266,797,16
2013-6-3,266,798,8
2013-6-1,267,799,18
2013-6-2,267,800,6
2013-6-3,267,801,17
2013-6-1,268,802,11
2013-6-2,268,803,2
2013-6-3,268,804,12
2013-6-1,269,805,18
2013-6-2,269,806,6
2013-6-3,269,807,3
2013-6-1,270,808,7
2013-6-2,270,809,4
2013-6-3,270,810,5
2013-6-1,271,811,12
2013-6-2,271,812,6
2013-6-3,271,813,5
2013-6-1,272,814,8
2013-6-2,272,815,19
2013-6-3,272,816,4
2013-6-1,273,817,6
2013-6-2,273,818,16
2013-6-3,273,819,16
2013-6-1,274,820,10
2013-6-2,274,821,8
2013-6-3,274,822,17
2013-6-1,275,823,7
2013-6-2,275,824,14
2013-6-3,275,825,19
2013-6-1,276,826,7
2013-6-2,276,827,10
2013-6-3,276,828,5
2013-6-1,277,829,0
2013-6-2,277,830,16
2013-6-3,277,831,2
2013-6-1,278,832,12
2013-6-2,278,833,8
2013-6-3,278,834,18
2013-6-1,279,835,5
2013-6-2,279,836,3
2013-6-3,279,837,16
2013-6-1,280,838,18
2013-6-2,280,839,16
2013-6-3,280,840,1
2013-6-1,281,841,16
2013-6-2,281,842,0
2013-6-3,281,843,7
2013-6-1,282,844,12
2013-6-2,282,845,16
2013-6-3,282,846,14
2013-6-1,283,847,6
2013-6-2,283,848,0
2013-6-3,283,849,9
2013-6-1,284,850,16
2013-6-2,284,851,5
2013-6-3,284,852,16
2013-6-1,285,853,15
2013-6-2,285,854,2
2013-6-3,285,855,16
2013-6-1,286,856,7
2013-6-2,286,857,19
2013-6-3,286,858,7
2013-6-1,287,859,3
2013-6-2,287,860,13
2013-6-3,287,861,5
2013-6-1,288,862,12
2013-6-2,288,863,13
2013-6-3,288,864,19
2013-6-1,289,865,0
2013-6-2,289,866,17
2013-6-3,289,867,8
2013-6-1,290,868,1
2013-6-2,290,869,17
2013-6-3,290,870,8
2013-6-1,291,871,18
2013-6-2,291,872,19
2013-6-3,291,873,6
2013-6-1,292,874,13
2013-6-2,292,875,0
2013-6-3,292,876,15
2013-6-1,293,877,11
2013-6-2,293,878,3
2013-6-3,293,879,10
2013-6-1,294,880,7
2013-6-2,294,881,19
2013-6-3,294,882,19
2013-6-1,295,883,15
2013-6-2,295,884,10
2013-6-3,295,885,18
2013-6-1,296,886,15
2013-6-2,296,887,7
2013-6-3,296,888,8
2013-6-1,297,889,4
2013-6-2,297,890,1
2013-6-3,297,891,16
2013-6-1,298,892,11
2013-6-2,298,893,6
2013-6-3,298,894,19
2013-6-1,299,895,4
2013-6-2,299,896,14
2013-6-3,299,897,13
2013-6-1,300,898,1
2013-6-2,300,899,7
2013-6-3,300,900,17
2013-6-1,301,901,2
2013-6-2,301,902,14
2013-6-3,301,903,8
2013-6-1,302,904,11
2013-6-2,302,905,6
2013-6-3,302,906,14
2013-6-1,303,907,10
2013-6-2,303,908,1
2013-6-3,303,909,19
2013-6-1,304,910,0
2013-6-2,304,911,13
2013-6-3,304,912,3
2013-6-1,305,913,5
2013-6-2,305,914,12
2013-6-3,305,915,0
2013-6-1,306,916,13
2013-6-2,306,917,4
2013-6-3,306,918,10
2013-6-1,307,919,2
2013-6-2,307,920,12
2013-6-3,307,921,8
2013-6-1,308,922,15
2013-6-2,308,923,4
2013-6-3,308,924,15
2013-6-1,309,925,12
2013-6-2,309,926,4
2013-6-3,309,927,2
2013-6-1,310,928,1
2013-6-2,310,929,15
2013-6-3,310,930,5
2013-6-1,311,931,18
2013-6-2,311,932,4
2013-6-3,311,933,6
2013-6-1,312,934,2
2013-6-2,312,935,0
2013-6-3,312,936,0
2013-6-1,313,937,16
2013-6-2,313,938,6
2013-6-3,313,939,13
2013-6-1,314,940,7
2013-6-2,314,941,15
2013-6-3,314,942,5
2013-6-1,315,943,13
2013-6-2,315,944,5
2013-6-3,315,945,1
2013-6-1,316,946,0
2013-6-2,316,947,3
2013-6-3,316,948,13
2013-6-1,317,949,13
2013-6-2,317,950,1
2013-6-3,317,951,15
2013-6-1,318,952,19
2013-6-2,318,953,13
2013-6-3,318,954,4
2013-6-1,319,955,8
2013-6-2,319,956,12
2013-6-3,319,957,6
2013-6-1,320,958,19
2013-6-2,320,959,1
2013-6-3,320,960,12
2013-6-1,321,961,10
2013-6-2,321,962,9
2013-6-3,321,963,2
2013-6-1,322,964,6
2013-6-2,322,965,3
2013-6-3,322,966,10
2013-6-1,323,967,12
2013-6-2,323,968,19
2013-6-3,323,969,12
2013-6-1,324,970,6
2013-6-2,324,971,5
2013-6-3,324,972,8
2013-6-1,325,973,5
2013-6-2,325,974,15
2013-6-3,325,975,11
2013-6-1,326,976,10
2013-6-2,326,977,8
2013-6-3,326,978,2
2013-6-1,327,979,8
2013-6-2,327,980,14
2013-6-3,327,981,18
2013-6-1,328,982,9
2013-6-2,328,983,3
2013-6-3,328,984,13
2013-6-1,329,985,10
2013-6-2,329,986,5
2013-6-3,329,987,10
2013-6-1,330,988,7
2013-6-2,330,989,12
2013-6-3,330,990,19
2013-6-1,331,991,7
2013-6-2,331,992,3
2013-6-3,331,993,7
2013-6-1,332,994,14
2013-6-2,332,995,6
2013-6-3,332,996,7
2013-6-1,333,997,9
2013-6-2,333,998,4
2013-6-3,333,999,17
2013-6-1,334,1000,2
2013-6-2,334,1001,14
2013-6-3,334,1002,8
2013-6-1,335,1003,11
2013-6-2,335,1004,6
2013-6-3,335,1005,17
2013-6-1,336,1006,16
2013-6-2,336,1007,19
2013-6-3,336,1008,9
2013-6-1,337,1009,14
2013-6-2,337,1010,15
2013-6-3,337,1011,12
2013-6-1,338,1012,15
2013-6-2,338,1013,3
2013-6-3,338,1014,7
2013-6-1,339,1015,18
2013-6-2,339,1016,7
2013-6-3,339,1017,14
2013-6-1,340,1018,9
2013-6-2,340,1019,16
2013-6-3,340,1020,3
2013-6-1,341,1021,3
2013-6-2,341,1022,14
2013-6-3,341,1023,9
2013-6-1,342,1024,18
2013-6-2,342,1025,12
2013-6-3,342,1026,3
2013-6-1,343,1027,3
2013-6-2,343,1028,18
2013-6-3,343,1029,9
2013-6-1,344,1030,17
2013-6-2,344,1031,18
2013-6-3,344,1032,18
2013-6-1,345,1033,2
2013-6-2,345,1034,19
2013-6-3,345,1035,14
2013-6-1,346,1036,2
2013-6-2,346,1037,8
2013-6-3,346,1038,9
2013-6-1,347,1039,12
2013-6-2,347,1040,10
2013-6-3,347,1041,8
2013-6-1,348,1042,13
2013-6-2,348,1043,6
2013-6-3,348,1044,5
2013-6-1,349,1045,15
2013-6-2,349,1046,13
2013-6-3,349,1047,11
2013-6-1,350,1048,7
2013-6-2,350,1049,15
2013-6-3,350,1050,9
2013-6-1,351,1051,17
2013-6-2,351,1052,9
2013-6-3,351,1053,15
2013-6-1,352,1054,18
2013-6-2,352,1055,3
2013-6-3,352,1056,18
2013-6-1,353,1057,6
2013-6-2,353,1058,12
2013-6-3,353,1059,11
2013-6-1,354,1060,15
2013-6-2,354,1061,18
2013-6-3,354,1062,17
2013-6-1,355,1063,5
2013-6-2,355,1064,4
2013-6-3,355,1065,1
2013-6-1,356,1066,16
2013-6-2,356,1067,18
2013-6-3,356,1068,15
2013-6-1,357,1069,9
2013-6-2,357,1070,17
2013-6-3,357,1071,3
2013-6-1,358,1072,1
2013-6-2,358,1073,8
2013-6-3,358,1074,15
2013-6-1,359,1075,18
2013-6-2,359,1076,11
2013-6-3,359,1077,7
2013-6-1,360,1078,4
2013-6-2,360,1079,12
2013-6-3,360,1080,19
2013-6-1,361,1081,8
2013-6-2,361,1082,0
2013-6-3,361,1083,6
2013-6-1,362,1084,13
2013-6-2,362,1085,7
2013-6-3,362,1086,9
2013-6-1,363,1087,9
2013-6-2,363,1088,1
2013-6-3,363,1089,5
2013-6-1,364,1090,2
2013-6-2,364,1091,16
2013-6-3,364,1092,16
2013-6-1,365,1093,5
2013-6-2,365,1094,16
2013-6-3,365,1095,4
2013-6-1,366,1096,19
2013-6-2,366,1097,17
2013-6-3,366,1098,14
2013-6-1,367,1099,8
2013-6-2,367,1100,7
2013-6-3,367,1101,5
2013-6-1,368,1102,2
2013-6-2,368,1103,12
2013-6-3,368,1104,18
2013-6-1,369,1105,15
2013-6-2,369,1106,14
2013-6-3,369,1107,1
2013-6-1,370,1108,2
2013-6-2,370,1109,10
2013-6-3,370,1110,8
2013-6-1,371,1111,15
2013-6-2,371,1112,18
2013-6-3,371,1113,0
2013-6-1,372,1114,2
2013-6-2,372,1115,17
2013-6-3,372,1116,3
2013-6-1,373,1117,0
2013-6-2,373,1118,9
2013-6-3,373,1119,10
2013-6-1,374,1120,13
2013-6-2,374,1121,6
2013-6-3,374,1122,9
2013-6-1,375,1123,13
2013-6-2,375,1124,15
2013-6-3,375,1125,2
2013-6-1,376,1126,18
2013-6-2,376,1127,16
2013-6-3,376,1128,11
2013-6-1,377,1129,3
2013-6-2,377,1130,10
2013-6-3,377,1131,3
2013-6-1,378,1132,3
2013-6-2,378,1133,8
2013-6-3,378,1134,11
2013-6-1,379,1135,19
2013-6-2,379,1136,1
2013-6-3,379,1137,6
2013-6-1,380,1138,12
2013-6-2,380,1139,2
2013-6-3,380,1140,14
2013-6-1,381,1141,13
2013-6-2,381,1142,0
2013-6-3,381,1143,17
2013-6-1,382,1144,4
2013-6-2,382,1145,5
2013-6-3,382,1146,0
2013-6-1,383,1147,4
2013-6-2,383,1148,10
2013-6-3,383,1149,13
2013-6-1,384,1150,7
2013-6-2,384,1151,15
2013-6-3,384,1152,5
2013-6-1,385,1153,3
2013-6-2,385,1154,0
2013-6-3,385,1155,7
2013-6-1,386,1156,8
2013-6-2,386,1157,0
2013-6-3,386,1158,18
2013-6-1,387,1159,5
2013-6-2,387,1160,16
2013-6-3,387,1161,11
2013-6-1,388,1162,19
2013-6-2,388,1163,7
2013-6-3,388,1164,2
2013-6-1,389,1165,5
2013-6-2,389,1166,11
2013-6-3,389,1167,8
2013-6-1,390,1168,7
2013-6-2,390,1169,19
2013-6-3,390,1170,5
2013-6-1,391,1171,17
2013-6-2,391,1172,11
2013-6-3,391,1173,3
2013-6-1,392,1174,2
2013-6-2,392,1175,1
2013-6-3,392,1176,17
2013-6-1,393,1177,14
2013-6-2,393,1178,13
2013-6-3,393,1179,19
2013-6-1,394,1180,7
2013-6-2,394,1181,11
2013-6-3,394,1182,7
2013-6-1,395,1183,12
2013-6-2,395,1184,13
2013-6-3,395,1185,18
2013-6-1,396,1186,11
2013-6-2,396,1187,5
2013-6-3,396,1188,8
2013-6-1,397,1189,11
2013-6-2,397,1190,14
2013-6-3,397,1191,14
2013-6-1,398,1192,10
2013-6-2,398,1193,6
2013-6-3,398,1194,13
2013-6-1,399,1195,12
2013-6-2,399,1196,17
2013-6-3,399,1197,1
2013-6-1,400,1198,16
2013-6-2,400,1199,10
2013-6-3,400,1200,15
2013-6-1,401,1201,15
2013-6-2,401,1202,0
2013-6-3,401,1203,14
2013-6-1,402,1204,12
2013-6-2,402,1205,13
2013-6-3,402,1206,17
2013-6-1,403,1207,9
2013-6-2,403,1208,18
2013-6-3,403,1209,11
2013-6-1,404,1210,2
2013-6-2,404,1211,8
2013-6-3,404,1212,1
2013-6-1,405,1213,2
2013-6-2,405,1214,17
2013-6-3,405,1215,9
2013-6-1,406,1216,1
2013-6-2,406,1217,5
2013-6-3,406,1218,10
2013-6-1,407,1219,11
2013-6-2,407,1220,15
2013-6-3,407,1221,5
2013-6-1,408,1222,16
2013-6-2,408,1223,5
2013-6-3,408,1224,6
2013-6-1,409,1225,2
2013-6-2,409,1226,1
2013-6-3,409,1227,19
2013-6-1,410,1228,4
2013-6-2,410,1229,7
2013-6-3,410,1230,12
2013-6-1,411,1231,2
2013-6-2,411,1232,12
2013-6-3,411,1233,11
2013-6-1,412,1234,13
2013-6-2,412,1235,18
2013-6-3,412,1236,6
2013-6-1,413,1237,14
2013-6-2,413,1238,12
2013-6-3,413,1239,19
2013-6-1,414,1240,17
2013-6-2,414,1241,0
2013-6-3,414,1242,6
2013-6-1,415,1243,5
2013-6-2,415,1244,9
2013-6-3,415,1245,4
2013-6-1,416,1246,13
2013-6-2,416,1247,2
2013-6-3,416,1248,18
2013-6-1,417,1249,1
2013-6-2,417,1250,10
2013-6-3,417,1251,9
2013-6-1,418,1252,13
2013-6-2,418,1253,11
2013-6-3,418,1254,10
2013-6-1,419,1255,12
2013-6-2,419,1256,6
2013-6-3,419,1257,8
2013-6-1,420,1258,2
2013-6-2,420,1259,7
2013-6-3,420,1260,10
2013-6-1,421,1261,7
2013-6-2,421,1262,5
2013-6-3,421,1263,8
2013-6-1,422,1264,4
2013-6-2,422,1265,5
2013-6-3,422,1266,5
2013-6-1,423,1267,0
2013-6-2,423,1268,16
2013-6-3,423,1269,7
2013-6-1,424,1270,16
2013-6-2,424,1271,8
2013-6-3,424,1272,12
2013-6-1,425,1273,16
2013-6-2,425,1274,13
2013-6-3,425,1275,17
2013-6-1,426,1276,3
2013-6-2,426,1277,8
2013-6-3,426,1278,19
2013-6-1,427,1279,18
2013-6-2,427,1280,7
2013-6-3,427,1281,7
2013-6-1,428,1282,15
2013-6-2,428,1283,11
2013-6-3,428,1284,13
2013-6-1,429,1285,19
2013-6-2,429,1286,14
2013-6-3,429,1287,16
2013-6-1,430,1288,8
2013-6-2,430,1289,1
2013-6-3,430,1290,1
2013-6-1,431,1291,4
2013-6-2,431,1292,1
2013-6-3,431,1293,15
2013-6-1,432,1294,9
2013-6-2,432,1295,4
2013-6-3,432,1296,15
2013-6-1,433,1297,3
2013-6-2,433,1298,11
2013-6-3,433,1299,8
2013-6-1,434,1300,7
2013-6-2,434,1301,16
2013-6-3,434,1302,18
2013-6-1,435,1303,4
2013-6-2,435,1304,18
2013-6-3,435,1305,9
2013-6-1,436,1306,12
2013-6-2,436,1307,5
2013-6-3,436,1308,6
2013-6-1,437,1309,16
2013-6-2,437,1310,2
2013-6-3,437,1311,2
2013-6-1,438,1312,19
2013-6-2,438,1313,6
2013-6-3,438,1314,19
2013-6-1,439,1315,18
2013-6-2,439,1316,4
2013-6-3,439,1317,1
2013-6-1,440,1318,1
2013-6-2,440,1319,0
2013-6-3,440,1320,3
2013-6-1,441,1321,15
2013-6-2,441,1322,9
2013-6-3,441,1323,7
2013-6-1,442,1324,2
2013-6-2,442,1325,8
2013-6-3,442,1326,17
2013-6-1,443,1327,17
2013-6-2,443,1328,19
2013-6-3,443,1329,11
2013-6-1,444,1330,7
2013-6-2,444,1331,11
2013-6-3,444,1332,3
2013-6-1,445,1333,16
2013-6-2,445,1334,0
2013-6-3,445,1335,2
2013-6-1,446,1336,19
2013-6-2,446,1337,14
2013-6-3,446,1338,10
2013-6-1,447,1339,19
2013-6-2,447,1340,15
2013-6-3,447,1341,16
2013-6-1,448,1342,8
2013-6-2,448,1343,6
2013-6-3,448,1344,16
2013-6-1,449,1345,5
2013-6-2,449,1346,13
2013-6-3,449,1347,1
2013-6-1,450,1348,18
2013-6-2,450,1349,8
2013-6-3,450,1350,0
2013-6-1,451,1351,18
2013-6-2,451,1352,15
2013-6-3,451,1353,16
2013-6-1,452,1354,15
2013-6-2,452,1355,19
2013-6-3,452,1356,8
2013-6-1,453,1357,0
2013-6-2,453,1358,5
2013-6-3,453,1359,1
2013-6-1,454,1360,9
2013-6-2,454,1361,7
2013-6-3,454,1362,14
2013-6-1,455,1363,7
2013-6-2,455,1364,7
2013-6-3,455,1365,15
2013-6-1,456,1366,3
2013-6-2,456,1367,8
2013-6-3,456,1368,7
2013-6-1,457,1369,19
2013-6-2,457,1370,16
2013-6-3,457,1371,17
2013-6-1,458,1372,6
2013-6-2,458,1373,9
2013-6-3,458,1374,15
2013-6-1,459,1375,10
2013-6-2,459,1376,17
2013-6-3,459,1377,6
2013-6-1,460,1378,14
2013-6-2,460,1379,5
2013-6-3,460,1380,18
2013-6-1,461,1381,1
2013-6-2,461,1382,13
2013-6-3,461,1383,16
2013-6-1,462,1384,0
2013-6-2,462,1385,6
2013-6-3,462,1386,5
2013-6-1,463,1387,16
2013-6-2,463,1388,13
2013-6-3,463,1389,7
2013-6-1,464,1390,13
2013-6-2,464,1391,18
2013-6-3,464,1392,2
2013-6-1,465,1393,18
2013-6-2,465,1394,12
2013-6-3,465,1395,2
2013-6-1,466,1396,8
2013-6-2,466,1397,2
2013-6-3,466,1398,15
2013-6-1,467,1399,4
2013-6-2,467,1400,18
2013-6-3,467,1401,8
2013-6-1,468,1402,1
2013-6-2,468,1403,15
2013-6-3,468,1404,6
2013-6-1,469,1405,15
2013-6-2,469,1406,17
2013-6-3,469,1407,13
2013-6-1,470,1408,18
2013-6-2,470,1409,7
2013-6-3,470,1410,0
2013-6-1,471,1411,9
2013-6-2,471,1412,13
2013-6-3,471,1413,7
2013-6-1,472,1414,1
2013-6-2,472,1415,15
2013-6-3,472,1416,11
2013-6-1,473,1417,15
2013-6-2,473,1418,2
2013-6-3,473,1419,18
2013-6-1,474,1420,9
2013-6-2,474,1421,17
2013-6-3,474,1422,1
2013-6-1,475,1423,1
2013-6-2,475,1424,5
2013-6-3,475,1425,15
2013-6-1,476,1426,19
2013-6-2,476,1427,8
2013-6-3,476,1428,6
2013-6-1,477,1429,9
2013-6-2,477,1430,8
2013-6-3,477,1431,15
2013-6-1,478,1432,5
2013-6-2,478,1433,1
2013-6-3,478,1434,1
2013-6-1,479,1435,15
2013-6-2,479,1436,0
2013-6-3,479,1437,1
2013-6-1,480,1438,8
2013-6-2,480,1439,16
2013-6-3,480,1440,4
2013-6-1,481,1441,14
2013-6-2,481,1442,15
2013-6-3,481,1443,1
2013-6-1,482,1444,7
2013-6-2,482,1445,11
2013-6-3,482,1446,4
2013-6-1,483,1447,15
2013-6-2,483,1448,2
2013-6-3,483,1449,5
2013-6-1,484,1450,3
2013-6-2,484,1451,14
2013-6-3,484,1452,18
2013-6-1,485,1453,4
2013-6-2,485,1454,4
2013-6-3,485,1455,5
2013-6-1,486,1456,6
2013-6-2,486,1457,0
2013-6-3,486,1458,5
2013-6-1,487,1459,11
2013-6-2,487,1460,13
2013-6-3,487,1461,15
2013-6-1,488,1462,2
2013-6-2,488,1463,16
2013-6-3,488,1464,6
2013-6-1,489,1465,6
2013-6-2,489,1466,13
2013-6-3,489,1467,15
2013-6-1,490,1468,8
2013-6-2,490,1469,12
2013-6-3,490,1470,9
2013-6-1,491,1471,11
2013-6-2,491,1472,5
2013-6-3,491,1473,18
2013-6-1,492,1474,18
2013-6-2,492,1475,1
2013-6-3,492,1476,19
2013-6-1,493,1477,1
2013-6-2,493,1478,5
2013-6-3,493,1479,8
2013-6-1,494,1480,19
2013-6-2,494,1481,10
2013-6-3,494,1482,10
2013-6-1,495,1483,19
2013-6-2,495,1484,10
2013-6-3,495,1485,7
2013-6-1,496,1486,8
2013-6-2,496,1487,8
2013-6-3,496,1488,9
2013-6-1,497,1489,4
2013-6-2,497,1490,2
2013-6-3,497,1491,9
2013-6-1,498,1492,4
2013-6-2,498,1493,9
2013-6-3,498,1494,1
2013-6-1,499,1495,17
2013-6-2,499,1496,7
2013-6-3,499,1497,3
2013-6-1,500,1498,9
2013-6-2,500,1499,10
2013-6-3,500,1500,9
2013-6-1,501,1501,3
2013-6-2,501,1502,0
2013-6-3,501,1503,14
2013-6-1,502,1504,11
2013-6-2,502,1505,6
2013-6-3,502,1506,17
2013-6-1,503,1507,13
2013-6-2,503,1508,18
2013-6-3,503,1509,15
2013-6-1,504,1510,14
2013-6-2,504,1511,1
2013-6-3,504,1512,9
2013-6-1,505,1513,16
2013-6-2,505,1514,11
2013-6-3,505,1515,1
2013-6-1,506,1516,1
2013-6-2,506,1517,12
2013-6-3,506,1518,16
2013-6-1,507,1519,8
2013-6-2,507,1520,18
2013-6-3,507,1521,2
2013-6-1,508,1522,5
2013-6-2,508,1523,2
2013-6-3,508,1524,7
2013-6-1,509,1525,6
2013-6-2,509,1526,8
2013-6-3,509,1527,8
2013-6-1,510,1528,3
2013-6-2,510,1529,1
2013-6-3,510,1530,15
2013-6-1,511,1531,5
2013-6-2,511,1532,4
2013-6-3,511,1533,2
2013-6-1,512,1534,5
2013-6-2,512,1535,9
2013-6-3,512,1536,1
2013-6-1,513,1537,12
2013-6-2,513,1538,16
2013-6-3,513,1539,6
2013-6-1,514,1540,15
2013-6-2,514,1541,0
2013-6-3,514,1542,14
2013-6-1,515,1543,11
2013-6-2,515,1544,16
2013-6-3,515,1545,5
2013-6-1,516,1546,17
2013-6-2,516,1547,17
2013-6-3,516,1548,9
2013-6-1,517,1549,11
2013-6-2,517,1550,15
2013-6-3,517,1551,10
2013-6-1,518,1552,10
2013-6-2,518,1553,8
2013-6-3,518,1554,18
2013-6-1,519,1555,0
2013-6-2,519,1556,8
2013-6-3,519,1557,14
2013-6-1,520,1558,1
2013-6-2,520,1559,10
2013-6-3,520,1560,18
2013-6-1,521,1561,2
2013-6-2,521,1562,13
2013-6-3,521,1563,18
2013-6-1,522,1564,5
2013-6-2,522,1565,11
2013-6-3,522,1566,8
2013-6-1,523,1567,19
2013-6-2,523,1568,11
2013-6-3,523,1569,11
2013-6-1,524,1570,16
2013-6-2,524,1571,19
2013-6-3,524,1572,19
2013-6-1,525,1573,18
2013-6-2,525,1574,12
2013-6-3,525,1575,14
2013-6-1,526,1576,0
2013-6-2,526,1577,16
2013-6-3,526,1578,12
2013-6-1,527,1579,10
2013-6-2,527,1580,0
2013-6-3,527,1581,5
2013-6-1,528,1582,6
2013-6-2,528,1583,10
2013-6-3,528,1584,7
2013-6-1,529,1585,5
2013-6-2,529,1586,18
2013-6-3,529,1587,17
2013-6-1,530,1588,9
2013-6-2,530,1589,3
2013-6-3,530,1590,18
2013-6-1,531,1591,7
2013-6-2,531,1592,16
2013-6-3,531,1593,3
2013-6-1,532,1594,7
2013-6-2,532,1595,19
2013-6-3,532,1596,7
2013-6-1,533,1597,3
2013-6-2,533,1598,13
2013-6-3,533,1599,9
2013-6-1,534,1600,9
2013-6-2,534,1601,19
2013-6-3,534,1602,17
2013-6-1,535,1603,13
2013-6-2,535,1604,2
2013-6-3,535,1605,17
2013-6-1,536,1606,10
2013-6-2,536,1607,14
2013-6-3,536,1608,13
2013-6-1,537,1609,16
2013-6-2,537,1610,1
2013-6-3,537,1611,8
2013-6-1,538,1612,6
2013-6-2,538,1613,2
2013-6-3,538,1614,18
2013-6-1,539,1615,15
2013-6-2,539,1616,7
2013-6-3,539,1617,1
2013-6-1,540,1618,8
2013-6-2,540,1619,16
2013-6-3,540,1620,18
2013-6-1,541,1621,14
2013-6-2,541,1622,9
2013-6-3,541,1623,3
2013-6-1,542,1624,14
2013-6-2,542,1625,8
2013-6-3,542,1626,0
2013-6-1,543,1627,7
2013-6-2,543,1628,7
2013-6-3,543,1629,5
2013-6-1,544,1630,8
2013-6-2,544,1631,7
2013-6-3,544,1632,19
2013-6-1,545,1633,0
2013-6-2,545,1634,14
2013-6-3,545,1635,6
2013-6-1,546,1636,8
2013-6-2,546,1637,18
2013-6-3,546,1638,2
2013-6-1,547,1639,10
2013-6-2,547,1640,16
2013-6-3,547,1641,19
2013-6-1,548,1642,3
2013-6-2,548,1643,19
2013-6-3,548,1644,16
2013-6-1,549,1645,17
2013-6-2,549,1646,17
2013-6-3,549,1647,14
2013-6-1,550,1648,17
2013-6-2,550,1649,4
2013-6-3,550,1650,9
2013-6-1,551,1651,13
2013-6-2,551,1652,17
2013-6-3,551,1653,2
2013-6-1,552,1654,8
2013-6-2,552,1655,5
2013-6-3,552,1656,2
2013-6-1,553,1657,13
2013-6-2,553,1658,12
2013-6-3,553,1659,7
2013-6-1,554,1660,1
2013-6-2,554,1661,18
2013-6-3,554,1662,16
2013-6-1,555,1663,17
2013-6-2,555,1664,10
2013-6-3,555,1665,6
2013-6-1,556,1666,19
2013-6-2,556,1667,4
2013-6-3,556,1668,8
2013-6-1,557,1669,1
2013-6-2,557,1670,1
2013-6-3,557,1671,16
2013-6-1,558,1672,7
2013-6-2,558,1673,12
2013-6-3,558,1674,18
2013-6-1,559,1675,8
2013-6-2,559,1676,2
2013-6-3,559,1677,6
2013-6-1,560,1678,4
2013-6-2,560,1679,8
2013-6-3,560,1680,5
2013-6-1,561,1681,18
2013-6-2,561,1682,0
2013-6-3,561,1683,1
2013-6-1,562,1684,8
2013-6-2,562,1685,17
2013-6-3,562,1686,8
2013-6-1,563,1687,18
2013-6-2,563,1688,6
2013-6-3,563,1689,11
2013-6-1,564,1690,0
2013-6-2,564,1691,10
2013-6-3,564,1692,16
2013-6-1,565,1693,17
2013-6-2,565,1694,11
2013-6-3,565,1695,11
2013-6-1,566,1696,0
2013-6-2,566,1697,17
2013-6-3,566,1698,13
2013-6-1,567,1699,11
2013-6-2,567,1700,11
2013-6-3,567,1701,13
2013-6-1,568,1702,19
2013-6-2,568,1703,14
2013-6-3,568,1704,0
2013-6-1,569,1705,7
2013-6-2,569,1706,19
2013-6-3,569,1707,14
2013-6-1,570,1708,4
2013-6-2,570,1709,2
2013-6-3,570,1710,15
2013-6-1,571,1711,14
2013-6-2,571,1712,7
2013-6-3,571,1713,15
2013-6-1,572,1714,17
2013-6-2,572,1715,15
2013-6-3,572,1716,7
2013-6-1,573,1717,19
2013-6-2,573,1718,13
2013-6-3,573,1719,10
2013-6-1,574,1720,13
2013-6-2,574,1721,12
2013-6-3,574,1722,19
2013-6-1,575,1723,16
2013-6-2,575,1724,17
2013-6-3,575,1725,3
2013-6-1,576,1726,19
2013-6-2,576,1727,12
2013-6-3,576,1728,3
2013-6-1,577,1729,16
2013-6-2,577,1730,7
2013-6-3,577,1731,1
2013-6-1,578,1732,12
2013-6-2,578,1733,15
2013-6-3,578,1734,0
2013-6-1,579,1735,12
2013-6-2,579,1736,10
2013-6-3,579,1737,11
2013-6-1,580,1738,13
2013-6-2,580,1739,5
2013-6-3,580,1740,1
2013-6-1,581,1741,13
2013-6-2,581,1742,6
2013-6-3,581,1743,11
2013-6-1,582,1744,7
2013-6-2,582,1745,15
2013-6-3,582,1746,1
2013-6-1,583,1747,15
2013-6-2,583,1748,11
2013-6-3,583,1749,9
2013-6-1,584,1750,11
2013-6-2,584,1751,17
2013-6-3,584,1752,3
2013-6-1,585,1753,9
2013-6-2,585,1754,9
2013-6-3,585,1755,1
2013-6-1,586,1756,19
2013-6-2,586,1757,3
2013-6-3,586,1758,9
2013-6-1,587,1759,17
2013-6-2,587,1760,14
2013-6-3,587,1761,13
2013-6-1,588,1762,5
2013-6-2,588,1763,12
2013-6-3,588,1764,12
2013-6-1,589,1765,18
2013-6-2,589,1766,16
2013-6-3,589,1767,12
2013-6-1,590,1768,13
2013-6-2,590,1769,2
2013-6-3,590,1770,5
2013-6-1,591,1771,1
2013-6-2,591,1772,10
2013-6-3,591,1773,2
2013-6-1,592,1774,13
2013-6-2,592,1775,18
2013-6-3,592,1776,6
2013-6-1,593,1777,6
2013-6-2,593,1778,7
2013-6-3,593,1779,5
2013-6-1,594,1780,4
2013-6-2,594,1781,2
2013-6-3,594,1782,10
2013-6-1,595,1783,6
2013-6-2,595,1784,16
2013-6-3,595,1785,7
2013-6-1,596,1786,11
2013-6-2,596,1787,10
2013-6-3,596,1788,8
2013-6-1,597,1789,19
2013-6-2,597,1790,2
2013-6-3,597,1791,10
2013-6-1,598,1792,17
2013-6-2,598,1793,7
2013-6-3,598,1794,16
2013-6-1,599,1795,15
2013-6-2,599,1796,15
2013-6-3,599,1797,2
2013-6-1,600,1798,7
2013-6-2,600,1799,16
2013-6-3,600,1800,2
2013-6-1,601,1801,7
2013-6-2,601,1802,10
2013-6-3,601,1803,15
2013-6-1,602,1804,3
2013-6-2,602,1805,2
2013-6-3,602,1806,19
2013-6-1,603,1807,2
2013-6-2,603,1808,7
2013-6-3,603,1809,0
2013-6-1,604,1810,16
2013-6-2,604,1811,10
2013-6-3,604,1812,6
2013-6-1,605,1813,15
2013-6-2,605,1814,14
2013-6-3,605,1815,11
2013-6-1,606,1816,0
2013-6-2,606,1817,8
2013-6-3,606,1818,9
2013-6-1,607,1819,6
2013-6-2,607,1820,2
2013-6-3,607,1821,3
2013-6-1,608,1822,16
2013-6-2,608,1823,18
2013-6-3,608,1824,8
2013-6-1,609,1825,3
2013-6-2,609,1826,12
2013-6-3,609,1827,18
2013-6-1,610,1828,0
2013-6-2,610,1829,9
2013-6-3,610,1830,5
2013-6-1,611,1831,10
2013-6-2,611,1832,19
2013-6-3,611,1833,18
2013-6-1,612,1834,17
2013-6-2,612,1835,18
2013-6-3,612,1836,15
2013-6-1,613,1837,12
2013-6-2,613,1838,10
2013-6-3,613,1839,12
2013-6-1,614,1840,5
2013-6-2,614,1841,5
2013-6-3,614,1842,11
2013-6-1,615,1843,17
2013-6-2,615,1844,4
2013-6-3,615,1845,8
2013-6-1,616,1846,11
2013-6-2,616,1847,18
2013-6-3,616,1848,4
2013-6-1,617,1849,2
2013-6-2,617,1850,13
2013-6-3,617,1851,17
2013-6-1,618,1852,9
2013-6-2,618,1853,0
2013-6-3,618,1854,0
2013-6-1,619,1855,3
2013-6-2,619,1856,16
2013-6-3,619,1857,3
2013-6-1,620,1858,15
2013-6-2,620,1859,2
2013-6-3,620,1860,12
2013-6-1,621,1861,4
2013-6-2,621,1862,1
2013-6-3,621,1863,8
2013-6-1,622,1864,1
2013-6-2,622,1865,15
2013-6-3,622,1866,17
2013-6-1,623,1867,3
2013-6-2,623,1868,7
2013-6-3,623,1869,9
2013-6-1,624,1870,0
2013-6-2,624,1871,0
2013-6-3,624,1872,2
2013-6-1,625,1873,9
2013-6-2,625,1874,4
2013-6-3,625,1875,6
2013-6-1,626,1876,11
2013-6-2,626,1877,8
2013-6-3,626,1878,8
2013-6-1,627,1879,16
2013-6-2,627,1880,14
2013-6-3,627,1881,11
2013-6-1,628,1882,17
2013-6-2,628,1883,3
2013-6-3,628,1884,2
2013-6-1,629,1885,18
2013-6-2,629,1886,18
2013-6-3,629,1887,11
2013-6-1,630,1888,19
2013-6-2,630,1889,12
2013-6-3,630,1890,11
2013-6-1,631,1891,18
2013-6-2,631,1892,7
2013-6-3,631,1893,6
2013-6-1,632,1894,5
2013-6-2,632,1895,18
2013-6-3,632,1896,5
2013-6-1,633,1897,6
2013-6-2,633,1898,10
2013-6-3,633,1899,0
2013-6-1,634,1900,18
2013-6-2,634,1901,0
2013-6-3,634,1902,15
2013-6-1,635,1903,17
2013-6-2,635,1904,18
2013-6-3,635,1905,16
2013-6-1,636,1906,16
2013-6-2,636,1907,6
2013-6-3,636,1908,3
2013-6-1,637,1909,19
2013-6-2,637,1910,15
2013-6-3,637,1911,0
2013-6-1,638,1912,0
2013-6-2,638,1913,17
2013-6-3,638,1914,13
2013-6-1,639,1915,1
2013-6-2,639,1916,1
2013-6-3,639,1917,4
2013-6-1,640,1918,6
2013-6-2,640,1919,7
2013-6-3,640,1920,19
2013-6-1,641,1921,10
2013-6-2,641,1922,12
2013-6-3,641,1923,10
2013-6-1,642,1924,1
2013-6-2,642,1925,0
2013-6-3,642,1926,19
2013-6-1,643,1927,18
2013-6-2,643,1928,10
2013-6-3,643,1929,19
2013-6-1,644,1930,17
2013-6-2,644,1931,15
2013-6-3,644,1932,9
2013-6-1,645,1933,2
2013-6-2,645,1934,5
2013-6-3,645,1935,8
2013-6-1,646,1936,3
2013-6-2,646,1937,14
2013-6-3,646,1938,14
2013-6-1,647,1939,16
2013-6-2,647,1940,15
2013-6-3,647,1941,2
2013-6-1,648,1942,2
2013-6-2,648,1943,16
2013-6-3,648,1944,9
2013-6-1,649,1945,6
2013-6-2,649,1946,16
2013-6-3,649,1947,14
2013-6-1,650,1948,2
2013-6-2,650,1949,10
2013-6-3,650,1950,16
2013-6-1,651,1951,11
2013-6-2,651,1952,19
2013-6-3,651,1953,5
2013-6-1,652,1954,17
2013-6-2,652,1955,15
2013-6-3,652,1956,1
2013-6-1,653,1957,13
2013-6-2,653,1958,17
2013-6-3,653,1959,18
2013-6-1,654,1960,12
2013-6-2,654,1961,14
2013-6-3,654,1962,5
2013-6-1,655,1963,19
2013-6-2,655,1964,12
2013-6-3,655,1965,6
2013-6-1,656,1966,3
2013-6-2,656,1967,14
2013-6-3,656,1968,2
2013-6-1,657,1969,7
2013-6-2,657,1970,11
2013-6-3,657,1971,4
2013-6-1,658,1972,4
2013-6-2,658,1973,17
2013-6-3,658,1974,2
2013-6-1,659,1975,14
2013-6-2,659,1976,17
2013-6-3,659,1977,12
2013-6-1,660,1978,18
2013-6-2,660,1979,11
2013-6-3,660,1980,12
2013-6-1,661,1981,9
2013-6-2,661,1982,19
2013-6-3,661,1983,10
2013-6-1,662,1984,7
2013-6-2,662,1985,5
2013-6-3,662,1986,6
2013-6-1,663,1987,16
2013-6-2,663,1988,3
2013-6-3,663,1989,15
2013-6-1,664,1990,1
2013-6-2,664,1991,15
2013-6-3,664,1992,15
2013-6-1,665,1993,7
2013-6-2,665,1994,6
2013-6-3,665,1995,13
2013-6-1,666,1996,7
2013-6-2,666,1997,17
2013-6-3,666,1998,14
2013-6-1,667,1999,4
2013-6-2,667,2000,8
2013-6-3,667,2001,7
2013-6-1,668,2002,6
2013-6-2,668,2003,18
2013-6-3,668,2004,17
2013-6-1,669,2005,11
2013-6-2,669,2006,0
2013-6-3,669,2007,19
2013-6-1,670,2008,13
2013-6-2,670,2009,9
2013-6-3,670,2010,4
2013-6-1,671,2011,14
2013-6-2,671,2012,12
2013-6-3,671,2013,5
2013-6-1,672,2014,5
2013-6-2,672,2015,17
2013-6-3,672,2016,3
2013-6-1,673,2017,2
2013-6-2,673,2018,12
2013-6-3,673,2019,13
2013-6-1,674,2020,13
2013-6-2,674,2021,2
2013-6-3,674,2022,4
2013-6-1,675,2023,1
2013-6-2,675,2024,4
2013-6-3,675,2025,2
2013-6-1,676,2026,17
2013-6-2,676,2027,11
2013-6-3,676,2028,17
2013-6-1,677,2029,2
2013-6-2,677,2030,8
2013-6-3,677,2031,5
2013-6-1,678,2032,8
2013-6-2,678,2033,15
2013-6-3,678,2034,7
2013-6-1,679,2035,15
2013-6-2,679,2036,0
2013-6-3,679,2037,13
2013-6-1,680,2038,14
2013-6-2,680,2039,7
2013-6-3,680,2040,7
2013-6-1,681,2041,7
2013-6-2,681,2042,17
2013-6-3,681,2043,13
2013-6-1,682,2044,13
2013-6-2,682,2045,13
2013-6-3,682,2046,12
2013-6-1,683,2047,8
2013-6-2,683,2048,16
2013-6-3,683,2049,17
2013-6-1,684,2050,2
2013-6-2,684,2051,6
2013-6-3,684,2052,5
2013-6-1,685,2053,19
2013-6-2,685,2054,18
2013-6-3,685,2055,8
2013-6-1,686,2056,17
2013-6-2,686,2057,12
2013-6-3,686,2058,10
2013-6-1,687,2059,15
2013-6-2,687,2060,3
2013-6-3,687,2061,10
2013-6-1,688,2062,6
2013-6-2,688,2063,8
2013-6-3,688,2064,2
2013-6-1,689,2065,1
2013-6-2,689,2066,11
2013-6-3,689,2067,6
2013-6-1,690,2068,14
2013-6-2,690,2069,10
2013-6-3,690,2070,9
2013-6-1,691,2071,1
2013-6-2,691,2072,13
2013-6-3,691,2073,13
2013-6-1,692,2074,10
2013-6-2,692,2075,15
2013-6-3,692,2076,12
2013-6-1,693,2077,2
2013-6-2,693,2078,18
2013-6-3,693,2079,11
2013-6-1,694,2080,8
2013-6-2,694,2081,0
2013-6-3,694,2082,1
2013-6-1,695,2083,4
2013-6-2,695,2084,19
2013-6-3,695,2085,17
2013-6-1,696,2086,19
2013-6-2,696,2087,3
2013-6-3,696,2088,8
2013-6-1,697,2089,19
2013-6-2,697,2090,12
2013-6-3,697,2091,17
2013-6-1,698,2092,0
2013-6-2,698,2093,17
2013-6-3,698,2094,15
2013-6-1,699,2095,12
2013-6-2,699,2096,10
2013-6-3,699,2097,14
2013-6-1,700,2098,5
2013-6-2,700,2099,7
2013-6-3,700,2100,2
2013-6-1,701,2101,18
2013-6-2,701,2102,5
2013-6-3,701,2103,10
2013-6-1,702,2104,9
2013-6-2,702,2105,14
2013-6-3,702,2106,6
2013-6-1,703,2107,5
2013-6-2,703,2108,5
2013-6-3,703,2109,15
2013-6-1,704,2110,9
2013-6-2,704,2111,2
2013-6-3,704,2112,9
2013-6-1,705,2113,16
2013-6-2,705,2114,19
2013-6-3,705,2115,17
2013-6-1,706,2116,1
2013-6-2,706,2117,9
2013-6-3,706,2118,15
2013-6-1,707,2119,3
2013-6-2,707,2120,4
2013-6-3,707,2121,12
2013-6-1,708,2122,7
2013-6-2,708,2123,15
2013-6-3,708,2124,13
2013-6-1,709,2125,14
2013-6-2,709,2126,5
2013-6-3,709,2127,2
2013-6-1,710,2128,0
2013-6-2,710,2129,3
2013-6-3,710,2130,6
2013-6-1,711,2131,7
2013-6-2,711,2132,18
2013-6-3,711,2133,3
2013-6-1,712,2134,2
2013-6-2,712,2135,11
2013-6-3,712,2136,17
2013-6-1,713,2137,0
2013-6-2,713,2138,17
2013-6-3,713,2139,13
2013-6-1,714,2140,16
2013-6-2,714,2141,1
2013-6-3,714,2142,14
2013-6-1,715,2143,16
2013-6-2,715,2144,10
2013-6-3,715,2145,10
2013-6-1,716,2146,7
2013-6-2,716,2147,16
2013-6-3,716,2148,5
2013-6-1,717,2149,19
2013-6-2,717,2150,10
2013-6-3,717,2151,8
2013-6-1,718,2152,5
2013-6-2,718,2153,11
2013-6-3,718,2154,3
2013-6-1,719,2155,7
2013-6-2,719,2156,18
2013-6-3,719,2157,9
2013-6-1,720,2158,19
2013-6-2,720,2159,18
2013-6-3,720,2160,8
2013-6-1,721,2161,18
2013-6-2,721,2162,1
2013-6-3,721,2163,5
2013-6-1,722,2164,19
2013-6-2,722,2165,18
2013-6-3,722,2166,3
2013-6-1,723,2167,5
2013-6-2,723,2168,16
2013-6-3,723,2169,6
2013-6-1,724,2170,0
2013-6-2,724,2171,5
2013-6-3,724,2172,0
2013-6-1,725,2173,11
2013-6-2,725,2174,13
2013-6-3,725,2175,19
2013-6-1,726,2176,11
2013-6-2,726,2177,8
2013-6-3,726,2178,7
2013-6-1,727,2179,2
2013-6-2,727,2180,3
2013-6-3,727,2181,6
2013-6-1,728,2182,0
2013-6-2,728,2183,18
2013-6-3,728,2184,3
2013-6-1,729,2185,12
2013-6-2,729,2186,13
2013-6-3,729,2187,16
2013-6-1,730,2188,19
2013-6-2,730,2189,19
2013-6-3,730,2190,16
2013-6-1,731,2191,11
2013-6-2,731,2192,19
2013-6-3,731,2193,0
2013-6-1,732,2194,14
2013-6-2,732,2195,13
2013-6-3,732,2196,0
2013-6-1,733,2197,6
2013-6-2,733,2198,6
2013-6-3,733,2199,7
2013-6-1,734,2200,19
2013-6-2,734,2201,4
2013-6-3,734,2202,14
2013-6-1,735,2203,5
2013-6-2,735,2204,5
2013-6-3,735,2205,2
2013-6-1,736,2206,10
2013-6-2,736,2207,1
2013-6-3,736,2208,12
2013-6-1,737,2209,4
2013-6-2,737,2210,15
2013-6-3,737,2211,9
2013-6-1,738,2212,5
2013-6-2,738,2213,15
2013-6-3,738,2214,9
2013-6-1,739,2215,13
2013-6-2,739,2216,14
2013-6-3,739,2217,4
2013-6-1,740,2218,13
2013-6-2,740,2219,7
2013-6-3,740,2220,7
2013-6-1,741,2221,4
2013-6-2,741,2222,14
2013-6-3,741,2223,19
2013-6-1,742,2224,8
2013-6-2,742,2225,18
2013-6-3,742,2226,14
2013-6-1,743,2227,7
2013-6-2,743,2228,2
2013-6-3,743,2229,5
2013-6-1,744,2230,14
2013-6-2,744,2231,12
2013-6-3,744,2232,4
2013-6-1,745,2233,5
2013-6-2,745,2234,16
2013-6-3,745,2235,7
2013-6-1,746,2236,13
2013-6-2,746,2237,17
2013-6-3,746,2238,5
2013-6-1,747,2239,10
2013-6-2,747,2240,13
2013-6-3,747,2241,8
2013-6-1,748,2242,11
2013-6-2,748,2243,16
2013-6-3,748,2244,9
2013-6-1,749,2245,5
2013-6-2,749,2246,0
2013-6-3,749,2247,4
2013-6-1,750,2248,15
2013-6-2,750,2249,5
2013-6-3,750,2250,10
2013-6-1,751,2251,11
2013-6-2,751,2252,14
2013-6-3,751,2253,19
2013-6-1,752,2254,11
2013-6-2,752,2255,16
2013-6-3,752,2256,2
2013-6-1,753,2257,14
2013-6-2,753,2258,5
2013-6-3,753,2259,12
2013-6-1,754,2260,1
2013-6-2,754,2261,11
2013-6-3,754,2262,10
2013-6-1,755,2263,7
2013-6-2,755,2264,4
2013-6-3,755,2265,11
2013-6-1,756,2266,1
2013-6-2,756,2267,13
2013-6-3,756,2268,2
2013-6-1,757,2269,13
2013-6-2,757,2270,2
2013-6-3,757,2271,8
2013-6-1,758,2272,10
2013-6-2,758,2273,5
2013-6-3,758,2274,12
2013-6-1,759,2275,11
2013-6-2,759,2276,15
2013-6-3,759,2277,4
2013-6-1,760,2278,19
2013-6-2,760,2279,8
2013-6-3,760,2280,12
2013-6-1,761,2281,12
2013-6-2,761,2282,0
2013-6-3,761,2283,0
2013-6-1,762,2284,10
2013-6-2,762,2285,1
2013-6-3,762,2286,5
2013-6-1,763,2287,11
2013-6-2,763,2288,11
2013-6-3,763,2289,6
2013-6-1,764,2290,1
2013-6-2,764,2291,3
2013-6-3,764,2292,9
2013-6-1,765,2293,13
2013-6-2,765,2294,8
2013-6-3,765,2295,13
2013-6-1,766,2296,4
2013-6-2,766,2297,1
2013-6-3,766,2298,9
2013-6-1,767,2299,14
2013-6-2,767,2300,1
2013-6-3,767,2301,18
2013-6-1,768,2302,13
2013-6-2,768,2303,17
2013-6-3,768,2304,16
2013-6-1,769,2305,4
2013-6-2,769,2306,10
2013-6-3,769,2307,7
2013-6-1,770,2308,4
2013-6-2,770,2309,9
2013-6-3,770,2310,16
2013-6-1,771,2311,9
2013-6-2,771,2312,3
2013-6-3,771,2313,2
2013-6-1,772,2314,3
2013-6-2,772,2315,18
2013-6-3,772,2316,17
2013-6-1,773,2317,13
2013-6-2,773,2318,10
2013-6-3,773,2319,12
2013-6-1,774,2320,3
2013-6-2,774,2321,4
2013-6-3,774,2322,8
2013-6-1,775,2323,8
2013-6-2,775,2324,9
2013-6-3,775,2325,2
2013-6-1,776,2326,18
2013-6-2,776,2327,18
2013-6-3,776,2328,19
2013-6-1,777,2329,19
2013-6-2,777,2330,13
2013-6-3,777,2331,11
2013-6-1,778,2332,9
2013-6-2,778,2333,15
2013-6-3,778,2334,10
2013-6-1,779,2335,14
2013-6-2,779,2336,6
2013-6-3,779,2337,8
2013-6-1,780,2338,12
2013-6-2,780,2339,7
2013-6-3,780,2340,16
2013-6-1,781,2341,4
2013-6-2,781,2342,4
2013-6-3,781,2343,7
2013-6-1,782,2344,7
2013-6-2,782,2345,17
2013-6-3,782,2346,8
2013-6-1,783,2347,13
2013-6-2,783,2348,0
2013-6-3,783,2349,0
2013-6-1,784,2350,11
2013-6-2,784,2351,18
2013-6-3,784,2352,12
2013-6-1,785,2353,6
2013-6-2,785,2354,10
2013-6-3,785,2355,19
2013-6-1,786,2356,18
2013-6-2,786,2357,3
2013-6-3,786,2358,9
2013-6-1,787,2359,17
2013-6-2,787,2360,9
2013-6-3,787,2361,17
2013-6-1,788,2362,12
2013-6-2,788,2363,14
2013-6-3,788,2364,19
2013-6-1,789,2365,12
2013-6-2,789,2366,16
2013-6-3,789,2367,11
2013-6-1,790,2368,4
2013-6-2,790,2369,12
2013-6-3,790,2370,14
2013-6-1,791,2371,19
2013-6-2,791,2372,3
2013-6-3,791,2373,16
2013-6-1,792,2374,3
2013-6-2,792,2375,5
2013-6-3,792,2376,12
2013-6-1,793,2377,15
2013-6-2,793,2378,19
2013-6-3,793,2379,6
2013-6-1,794,2380,2
2013-6-2,794,2381,13
2013-6-3,794,2382,8
2013-6-1,795,2383,10
2013-6-2,795,2384,3
2013-6-3,795,2385,15
2013-6-1,796,2386,18
2013-6-2,796,2387,17
2013-6-3,796,2388,7
2013-6-1,797,2389,12
2013-6-2,797,2390,1
2013-6-3,797,2391,16
2013-6-1,798,2392,2
2013-6-2,798,2393,15
2013-6-3,798,2394,19
2013-6-1,799,2395,5
2013-6-2,799,2396,15
2013-6-3,799,2397,6
2013-6-1,800,2398,5
2013-6-2,800,2399,4
2013-6-3,800,2400,10
2013-6-1,801,2401,18
2013-6-2,801,2402,8
2013-6-3,801,2403,7
2013-6-1,802,2404,0
2013-6-2,802,2405,14
2013-6-3,802,2406,13
2013-6-1,803,2407,1
2013-6-2,803,2408,6
2013-6-3,803,2409,18
2013-6-1,804,2410,3
2013-6-2,804,2411,12
2013-6-3,804,2412,16
2013-6-1,805,2413,5
2013-6-2,805,2414,17
2013-6-3,805,2415,0
2013-6-1,806,2416,1
2013-6-2,806,2417,14
2013-6-3,806,2418,8
2013-6-1,807,2419,5
2013-6-2,807,2420,13
2013-6-3,807,2421,0
2013-6-1,808,2422,18
2013-6-2,808,2423,9
2013-6-3,808,2424,2
2013-6-1,809,2425,9
2013-6-2,809,2426,13
2013-6-3,809,2427,8
2013-6-1,810,2428,0
2013-6-2,810,2429,1
2013-6-3,810,2430,19
2013-6-1,811,2431,8
2013-6-2,811,2432,16
2013-6-3,811,2433,0
2013-6-1,812,2434,3
2013-6-2,812,2435,12
2013-6-3,812,2436,12
2013-6-1,813,2437,1
2013-6-2,813,2438,10
2013-6-3,813,2439,13
2013-6-1,814,2440,13
2013-6-2,814,2441,0
2013-6-3,814,2442,0
2013-6-1,815,2443,4
2013-6-2,815,2444,14
2013-6-3,815,2445,15
2013-6-1,816,2446,18
2013-6-2,816,2447,8
2013-6-3,816,2448,9
2013-6-1,817,2449,17
2013-6-2,817,2450,5
2013-6-3,817,2451,0
2013-6-1,818,2452,4
2013-6-2,818,2453,11
2013-6-3,818,2454,16
2013-6-1,819,2455,13
2013-6-2,819,2456,2
2013-6-3,819,2457,11
2013-6-1,820,2458,10
2013-6-2,820,2459,1
2013-6-3,820,2460,15
2013-6-1,821,2461,16
2013-6-2,821,2462,19
2013-6-3,821,2463,13
2013-6-1,822,2464,14
2013-6-2,822,2465,4
2013-6-3,822,2466,15
2013-6-1,823,2467,13
2013-6-2,823,2468,7
2013-6-3,823,2469,6
2013-6-1,824,2470,18
2013-6-2,824,2471,5
2013-6-3,824,2472,14
2013-6-1,825,2473,7
2013-6-2,825,2474,11
2013-6-3,825,2475,1
2013-6-1,826,2476,3
2013-6-2,826,2477,12
2013-6-3,826,2478,2
2013-6-1,827,2479,6
2013-6-2,827,2480,7
2013-6-3,827,2481,14
2013-6-1,828,2482,8
2013-6-2,828,2483,16
2013-6-3,828,2484,15
2013-6-1,829,2485,3
2013-6-2,829,2486,7
2013-6-3,829,2487,3
2013-6-1,830,2488,0
2013-6-2,830,2489,13
2013-6-3,830,2490,7
2013-6-1,831,2491,2
2013-6-2,831,2492,8
2013-6-3,831,2493,7
2013-6-1,832,2494,1
2013-6-2,832,2495,17
2013-6-3,832,2496,1
2013-6-1,833,2497,1
2013-6-2,833,2498,7
2013-6-3,833,2499,18
2013-6-1,834,2500,0
2013-6-2,834,2501,13
2013-6-3,834,2502,5
2013-6-1,835,2503,15
2013-6-2,835,2504,16
2013-6-3,835,2505,1
2013-6-1,836,2506,3
2013-6-2,836,2507,18
2013-6-3,836,2508,0
2013-6-1,837,2509,7
2013-6-2,837,2510,15
2013-6-3,837,2511,5
2013-6-1,838,2512,11
2013-6-2,838,2513,11
2013-6-3,838,2514,9
2013-6-1,839,2515,15
2013-6-2,839,2516,7
2013-6-3,839,2517,9
2013-6-1,840,2518,19
2013-6-2,840,2519,13
2013-6-3,840,2520,2
2013-6-1,841,2521,19
2013-6-2,841,2522,11
2013-6-3,841,2523,6
2013-6-1,842,2524,18
2013-6-2,842,2525,19
2013-6-3,842,2526,18
2013-6-1,843,2527,0
2013-6-2,843,2528,8
2013-6-3,843,2529,18
2013-6-1,844,2530,11
2013-6-2,844,2531,16
2013-6-3,844,2532,8
2013-6-1,845,2533,17
2013-6-2,845,2534,19
2013-6-3,845,2535,1
2013-6-1,846,2536,7
2013-6-2,846,2537,8
2013-6-3,846,2538,12
2013-6-1,847,2539,2
2013-6-2,847,2540,1
2013-6-3,847,2541,17
2013-6-1,848,2542,16
2013-6-2,848,2543,18
2013-6-3,848,2544,9
2013-6-1,849,2545,15
2013-6-2,849,2546,17
2013-6-3,849,2547,16
2013-6-1,850,2548,0
2013-6-2,850,2549,7
2013-6-3,850,2550,3
2013-6-1,851,2551,17
2013-6-2,851,2552,7
2013-6-3,851,2553,9
2013-6-1,852,2554,15
2013-6-2,852,2555,10
2013-6-3,852,2556,18
2013-6-1,853,2557,8
2013-6-2,853,2558,16
2013-6-3,853,2559,12
2013-6-1,854,2560,6
2013-6-2,854,2561,1
2013-6-3,854,2562,15
2013-6-1,855,2563,18
2013-6-2,855,2564,2
2013-6-3,855,2565,10
2013-6-1,856,2566,15
2013-6-2,856,2567,16
2013-6-3,856,2568,19
2013-6-1,857,2569,6
2013-6-2,857,2570,15
2013-6-3,857,2571,10
2013-6-1,858,2572,5
2013-6-2,858,2573,17
2013-6-3,858,2574,16
2013-6-1,859,2575,9
2013-6-2,859,2576,2
2013-6-3,859,2577,14
2013-6-1,860,2578,4
2013-6-2,860,2579,16
2013-6-3,860,2580,9
2013-6-1,861,2581,17
2013-6-2,861,2582,9
2013-6-3,861,2583,8
2013-6-1,862,2584,15
2013-6-2,862,2585,19
2013-6-3,862,2586,2
2013-6-1,863,2587,4
2013-6-2,863,2588,12
2013-6-3,863,2589,1
2013-6-1,864,2590,15
2013-6-2,864,2591,19
2013-6-3,864,2592,17
2013-6-1,865,2593,5
2013-6-2,865,2594,13
2013-6-3,865,2595,12
2013-6-1,866,2596,15
2013-6-2,866,2597,13
2013-6-3,866,2598,3
2013-6-1,867,2599,8
2013-6-2,867,2600,8
2013-6-3,867,2601,18
2013-6-1,868,2602,15
2013-6-2,868,2603,0
2013-6-3,868,2604,1
2013-6-1,869,2605,0
2013-6-2,869,2606,0
2013-6-3,869,2607,18
2013-6-1,870,2608,0
2013-6-2,870,2609,0
2013-6-3,870,2610,0
2013-6-1,871,2611,10
2013-6-2,871,2612,11
2013-6-3,871,2613,6
2013-6-1,872,2614,15
2013-6-2,872,2615,2
2013-6-3,872,2616,14
2013-6-1,873,2617,18
2013-6-2,873,2618,1
2013-6-3,873,2619,10
2013-6-1,874,2620,11
2013-6-2,874,2621,7
2013-6-3,874,2622,1
2013-6-1,875,2623,3
2013-6-2,875,2624,13
2013-6-3,875,2625,18
2013-6-1,876,2626,6
2013-6-2,876,2627,14
2013-6-3,876,2628,15
2013-6-1,877,2629,9
2013-6-2,877,2630,13
2013-6-3,877,2631,1
2013-6-1,878,2632,14
2013-6-2,878,2633,4
2013-6-3,878,2634,17
2013-6-1,879,2635,15
2013-6-2,879,2636,5
2013-6-3,879,2637,2
2013-6-1,880,2638,1
2013-6-2,880,2639,9
2013-6-3,880,2640,13
2013-6-1,881,2641,8
2013-6-2,881,2642,12
2013-6-3,881,2643,2
2013-6-1,882,2644,18
2013-6-2,882,2645,7
2013-6-3,882,2646,15
2013-6-1,883,2647,15
2013-6-2,883,2648,17
2013-6-3,883,2649,0
2013-6-1,884,2650,18
2013-6-2,884,2651,3
2013-6-3,884,2652,12
2013-6-1,885,2653,1
2013-6-2,885,2654,5
2013-6-3,885,2655,17
2013-6-1,886,2656,8
2013-6-2,886,2657,4
2013-6-3,886,2658,4
2013-6-1,887,2659,9
2013-6-2,887,2660,14
2013-6-3,887,2661,19
2013-6-1,888,2662,11
2013-6-2,888,2663,15
2013-6-3,888,2664,6
2013-6-1,889,2665,15
2013-6-2,889,2666,12
2013-6-3,889,2667,16
2013-6-1,890,2668,16
2013-6-2,890,2669,14
2013-6-3,890,2670,1
2013-6-1,891,2671,17
2013-6-2,891,2672,16
2013-6-3,891,2673,16
2013-6-1,892,2674,5
2013-6-2,892,2675,16
2013-6-3,892,2676,9
2013-6-1,893,2677,3
2013-6-2,893,2678,7
2013-6-3,893,2679,2
2013-6-1,894,2680,2
2013-6-2,894,2681,6
2013-6-3,894,2682,4
2013-6-1,895,2683,4
2013-6-2,895,2684,15
2013-6-3,895,2685,4
2013-6-1,896,2686,7
2013-6-2,896,2687,16
2013-6-3,896,2688,15
2013-6-1,897,2689,11
2013-6-2,897,2690,14
2013-6-3,897,2691,12
2013-6-1,898,2692,11
2013-6-2,898,2693,3
2013-6-3,898,2694,11
2013-6-1,899,2695,17
2013-6-2,899,2696,2
2013-6-3,899,2697,17
2013-6-1,900,2698,12
2013-6-2,900,2699,17
2013-6-3,900,2700,3
2013-6-1,901,2701,8
2013-6-2,901,2702,17
2013-6-3,901,2703,7
2013-6-1,902,2704,1
2013-6-2,902,2705,19
2013-6-3,902,2706,9
2013-6-1,903,2707,5
2013-6-2,903,2708,1
2013-6-3,903,2709,19
2013-6-1,904,2710,12
2013-6-2,904,2711,16
2013-6-3,904,2712,7
2013-6-1,905,2713,8
2013-6-2,905,2714,12
2013-6-3,905,2715,0
2013-6-1,906,2716,3
2013-6-2,906,2717,15
2013-6-3,906,2718,2
2013-6-1,907,2719,7
2013-6-2,907,2720,7
2013-6-3,907,2721,6
2013-6-1,908,2722,17
2013-6-2,908,2723,15
2013-6-3,908,2724,3
2013-6-1,909,2725,4
2013-6-2,909,2726,18
2013-6-3,909,2727,4
2013-6-1,910,2728,12
2013-6-2,910,2729,9
2013-6-3,910,2730,18
2013-6-1,911,2731,8
2013-6-2,911,2732,9
2013-6-3,911,2733,6
2013-6-1,912,2734,9
2013-6-2,912,2735,19
2013-6-3,912,2736,16
2013-6-1,913,2737,5
2013-6-2,913,2738,0
2013-6-3,913,2739,19
2013-6-1,914,2740,10
2013-6-2,914,2741,18
2013-6-3,914,2742,18
2013-6-1,915,2743,5
2013-6-2,915,2744,3
2013-6-3,915,2745,19
2013-6-1,916,2746,17
2013-6-2,916,2747,15
2013-6-3,916,2748,1
2013-6-1,917,2749,3
2013-6-2,917,2750,12
2013-6-3,917,2751,13
2013-6-1,918,2752,19
2013-6-2,918,2753,15
2013-6-3,918,2754,8
2013-6-1,919,2755,10
2013-6-2,919,2756,1
2013-6-3,919,2757,3
2013-6-1,920,2758,12
2013-6-2,920,2759,0
2013-6-3,920,2760,15
2013-6-1,921,2761,11
2013-6-2,921,2762,10
2013-6-3,921,2763,4
2013-6-1,922,2764,8
2013-6-2,922,2765,5
2013-6-3,922,2766,5
2013-6-1,923,2767,13
2013-6-2,923,2768,17
2013-6-3,923,2769,14
2013-6-1,924,2770,4
2013-6-2,924,2771,17
2013-6-3,924,2772,7
2013-6-1,925,2773,13
2013-6-2,925,2774,5
2013-6-3,925,2775,13
2013-6-1,926,2776,14
2013-6-2,926,2777,17
2013-6-3,926,2778,16
2013-6-1,927,2779,1
2013-6-2,927,2780,0
2013-6-3,927,2781,8
2013-6-1,928,2782,7
2013-6-2,928,2783,7
2013-6-3,928,2784,19
2013-6-1,929,2785,1
2013-6-2,929,2786,3
2013-6-3,929,2787,14
2013-6-1,930,2788,2
2013-6-2,930,2789,15
2013-6-3,930,2790,13
2013-6-1,931,2791,12
2013-6-2,931,2792,11
2013-6-3,931,2793,19
2013-6-1,932,2794,14
2013-6-2,932,2795,2
2013-6-3,932,2796,9
2013-6-1,933,2797,3
2013-6-2,933,2798,17
2013-6-3,933,2799,16
2013-6-1,934,2800,17
2013-6-2,934,2801,10
2013-6-3,934,2802,19
2013-6-1,935,2803,8
2013-6-2,935,2804,17
2013-6-3,935,2805,0
2013-6-1,936,2806,13
2013-6-2,936,2807,19
2013-6-3,936,2808,8
2013-6-1,937,2809,15
2013-6-2,937,2810,19
2013-6-3,937,2811,7
2013-6-1,938,2812,2
2013-6-2,938,2813,9
2013-6-3,938,2814,8
2013-6-1,939,2815,5
2013-6-2,939,2816,11
2013-6-3,939,2817,16
2013-6-1,940,2818,7
2013-6-2,940,2819,2
2013-6-3,940,2820,2
2013-6-1,941,2821,13
2013-6-2,941,2822,17
2013-6-3,941,2823,2
2013-6-1,942,2824,8
2013-6-2,942,2825,4
2013-6-3,942,2826,12
2013-6-1,943,2827,17
2013-6-2,943,2828,15
2013-6-3,943,2829,8
2013-6-1,944,2830,16
2013-6-2,944,2831,17
2013-6-3,944,2832,15
2013-6-1,945,2833,5
2013-6-2,945,2834,9
2013-6-3,945,2835,10
2013-6-1,946,2836,0
2013-6-2,946,2837,18
2013-6-3,946,2838,6
2013-6-1,947,2839,17
2013-6-2,947,2840,14
2013-6-3,947,2841,6
2013-6-1,948,2842,5
2013-6-2,948,2843,0
2013-6-3,948,2844,12
2013-6-1,949,2845,18
2013-6-2,949,2846,7
2013-6-3,949,2847,6
2013-6-1,950,2848,11
2013-6-2,950,2849,16
2013-6-3,950,2850,8
2013-6-1,951,2851,15
2013-6-2,951,2852,12
2013-6-3,951,2853,8
2013-6-1,952,2854,3
2013-6-2,952,2855,12
2013-6-3,952,2856,19
2013-6-1,953,2857,0
2013-6-2,953,2858,4
2013-6-3,953,2859,9
2013-6-1,954,2860,8
2013-6-2,954,2861,19
2013-6-3,954,2862,0
2013-6-1,955,2863,4
2013-6-2,955,2864,10
2013-6-3,955,2865,7
2013-6-1,956,2866,13
2013-6-2,956,2867,6
2013-6-3,956,2868,11
2013-6-1,957,2869,3
2013-6-2,957,2870,4
2013-6-3,957,2871,13
2013-6-1,958,2872,10
2013-6-2,958,2873,12
2013-6-3,958,2874,19
2013-6-1,959,2875,16
2013-6-2,959,2876,9
2013-6-3,959,2877,16
2013-6-1,960,2878,12
2013-6-2,960,2879,16
2013-6-3,960,2880,15
2013-6-1,961,2881,18
2013-6-2,961,2882,8
2013-6-3,961,2883,11
2013-6-1,962,2884,9
2013-6-2,962,2885,8
2013-6-3,962,2886,13
2013-6-1,963,2887,11
2013-6-2,963,2888,14
2013-6-3,963,2889,14
2013-6-1,964,2890,1
2013-6-2,964,2891,6
2013-6-3,964,2892,5
2013-6-1,965,2893,9
2013-6-2,965,2894,19
2013-6-3,965,2895,9
2013-6-1,966,2896,0
2013-6-2,966,2897,0
2013-6-3,966,2898,7
2013-6-1,967,2899,12
2013-6-2,967,2900,15
2013-6-3,967,2901,16
2013-6-1,968,2902,14
2013-6-2,968,2903,11
2013-6-3,968,2904,2
2013-6-1,969,2905,11
2013-6-2,969,2906,4
2013-6-3,969,2907,3
2013-6-1,970,2908,3
2013-6-2,970,2909,11
2013-6-3,970,2910,19
2013-6-1,971,2911,1
2013-6-2,971,2912,16
2013-6-3,971,2913,0
2013-6-1,972,2914,9
2013-6-2,972,2915,8
2013-6-3,972,2916,13
2013-6-1,973,2917,15
2013-6-2,973,2918,14
2013-6-3,973,2919,7
2013-6-1,974,2920,15
2013-6-2,974,2921,6
2013-6-3,974,2922,3
2013-6-1,975,2923,9
2013-6-2,975,2924,6
2013-6-3,975,2925,13
2013-6-1,976,2926,19
2013-6-2,976,2927,8
2013-6-3,976,2928,1
2013-6-1,977,2929,4
2013-6-2,977,2930,4
2013-6-3,977,2931,13
2013-6-1,978,2932,15
2013-6-2,978,2933,1
2013-6-3,978,2934,10
2013-6-1,979,2935,17
2013-6-2,979,2936,8
2013-6-3,979,2937,5
2013-6-1,980,2938,5
2013-6-2,980,2939,6
2013-6-3,980,2940,11
2013-6-1,981,2941,18
2013-6-2,981,2942,16
2013-6-3,981,2943,10
2013-6-1,982,2944,5
2013-6-2,982,2945,19
2013-6-3,982,2946,11
2013-6-1,983,2947,10
2013-6-2,983,2948,16
2013-6-3,983,2949,11
2013-6-1,984,2950,1
2013-6-2,984,2951,19
2013-6-3,984,2952,1
2013-6-1,985,2953,0
2013-6-2,985,2954,19
2013-6-3,985,2955,13
2013-6-1,986,2956,10
2013-6-2,986,2957,8
2013-6-3,986,2958,6
2013-6-1,987,2959,16
2013-6-2,987,2960,11
2013-6-3,987,2961,16
2013-6-1,988,2962,8
2013-6-2,988,2963,11
2013-6-3,988,2964,9
2013-6-1,989,2965,5
2013-6-2,989,2966,18
2013-6-3,989,2967,2
2013-6-1,990,2968,18
2013-6-2,990,2969,16
2013-6-3,990,2970,17
2013-6-1,991,2971,0
2013-6-2,991,2972,9
2013-6-3,991,2973,5
2013-6-1,992,2974,3
2013-6-2,992,2975,11
2013-6-3,992,2976,2
2013-6-1,993,2977,7
2013-6-2,993,2978,9
2013-6-3,993,2979,15
2013-6-1,994,2980,1
2013-6-2,994,2981,12
2013-6-3,994,2982,12
2013-6-1,995,2983,1
2013-6-2,995,2984,12
2013-6-3,995,2985,16
2013-6-1,996,2986,8
2013-6-2,996,2987,6
2013-6-3,996,2988,6
2013-6-1,997,2989,1
2013-6-2,997,2990,1
2013-6-3,997,2991,14
2013-6-1,998,2992,15
2013-6-2,998,2993,10
2013-6-3,998,2994,17
2013-6-1,999,2995,9
2013-6-2,999,2996,6
2013-6-3,999,2997,12
2013-6-1,1000,2998,8
2013-6-2,1000,2999,9
2013-6-3,1000,3000,16
2013-6-1,1001,3001,18
2013-6-2,1001,3002,8
2013-6-3,1001,3003,2
2013-6-1,1002,3004,16
2013-6-2,1002,3005,1
2013-6-3,1002,3006,4
2013-6-1,1003,3007,11
2013-6-2,1003,3008,15
2013-6-3,1003,3009,16
2013-6-1,1004,3010,15
2013-6-2,1004,3011,9
2013-6-3,1004,3012,4
2013-6-1,1005,3013,11
2013-6-2,1005,3014,17
2013-6-3,1005,3015,3
2013-6-1,1006,3016,12
2013-6-2,1006,3017,14
2013-6-3,1006,3018,7
2013-6-1,1007,3019,0
2013-6-2,1007,3020,9
2013-6-3,1007,3021,9
2013-6-1,1008,3022,12
2013-6-2,1008,3023,14
2013-6-3,1008,3024,2
2013-6-1,1009,3025,7
2013-6-2,1009,3026,9
2013-6-3,1009,3027,16
2013-6-1,1010,3028,13
2013-6-2,1010,3029,15
2013-6-3,1010,3030,18
2013-6-1,1011,3031,11
2013-6-2,1011,3032,8
2013-6-3,1011,3033,1
2013-6-1,1012,3034,19
2013-6-2,1012,3035,2
2013-6-3,1012,3036,17
2013-6-1,1013,3037,18
2013-6-2,1013,3038,2
2013-6-3,1013,3039,11
2013-6-1,1014,3040,16
2013-6-2,1014,3041,2
2013-6-3,1014,3042,6
2013-6-1,1015,3043,7
2013-6-2,1015,3044,7
2013-6-3,1015,3045,3
2013-6-1,1016,3046,1
2013-6-2,1016,3047,2
2013-6-3,1016,3048,9
2013-6-1,1017,3049,3
2013-6-2,1017,3050,3
2013-6-3,1017,3051,0
2013-6-1,1018,3052,0
2013-6-2,1018,3053,8
2013-6-3,1018,3054,7
2013-6-1,1019,3055,16
2013-6-2,1019,3056,3
2013-6-3,1019,3057,15
2013-6-1,1020,3058,4
2013-6-2,1020,3059,10
2013-6-3,1020,3060,16
2013-6-1,1021,3061,2
2013-6-2,1021,3062,1
2013-6-3,1021,3063,11
2013-6-1,1022,3064,7
2013-6-2,1022,3065,4
2013-6-3,1022,3066,5
2013-6-1,1023,3067,18
2013-6-2,1023,3068,3
2013-6-3,1023,3069,11
2013-6-1,1024,3070,7
2013-6-2,1024,3071,16
2013-6-3,1024,3072,5
2013-6-1,1025,3073,2
2013-6-2,1025,3074,13
2013-6-3,1025,3075,5
2013-6-1,1026,3076,16
2013-6-2,1026,3077,1
2013-6-3,1026,3078,8
2013-6-1,1027,3079,5
2013-6-2,1027,3080,4
2013-6-3,1027,3081,17
2013-6-1,1028,3082,16
2013-6-2,1028,3083,17
2013-6-3,1028,3084,11
2013-6-1,1029,3085,13
2013-6-2,1029,3086,6
2013-6-3,1029,3087,7
2013-6-1,1030,3088,10
2013-6-2,1030,3089,2
2013-6-3,1030,3090,8
2013-6-1,1031,3091,14
2013-6-2,1031,3092,16
2013-6-3,1031,3093,0
2013-6-1,1032,3094,13
2013-6-2,1032,3095,15
2013-6-3,1032,3096,18
2013-6-1,1033,3097,18
2013-6-2,1033,3098,7
2013-6-3,1033,3099,13
2013-6-1,1034,3100,15
2013-6-2,1034,3101,9
2013-6-3,1034,3102,5
2013-6-1,1035,3103,11
2013-6-2,1035,3104,3
2013-6-3,1035,3105,10
2013-6-1,1036,3106,17
2013-6-2,1036,3107,4
2013-6-3,1036,3108,7
2013-6-1,1037,3109,0
2013-6-2,1037,3110,2
2013-6-3,1037,3111,14
2013-6-1,1038,3112,0
2013-6-2,1038,3113,9
2013-6-3,1038,3114,3
2013-6-1,1039,3115,15
2013-6-2,1039,3116,6
2013-6-3,1039,3117,16
2013-6-1,1040,3118,5
2013-6-2,1040,3119,5
2013-6-3,1040,3120,11
2013-6-1,1041,3121,5
2013-6-2,1041,3122,0
2013-6-3,1041,3123,12
2013-6-1,1042,3124,5
2013-6-2,1042,3125,6
2013-6-3,1042,3126,10
2013-6-1,1043,3127,1
2013-6-2,1043,3128,12
2013-6-3,1043,3129,1
2013-6-1,1044,3130,4
2013-6-2,1044,3131,16
2013-6-3,1044,3132,17
2013-6-1,1045,3133,7
2013-6-2,1045,3134,17
2013-6-3,1045,3135,7
2013-6-1,1046,3136,12
2013-6-2,1046,3137,7
2013-6-3,1046,3138,9
2013-6-1,1047,3139,11
2013-6-2,1047,3140,2
2013-6-3,1047,3141,17
2013-6-1,1048,3142,11
2013-6-2,1048,3143,15
2013-6-3,1048,3144,12
2013-6-1,1049,3145,7
2013-6-2,1049,3146,19
2013-6-3,1049,3147,3
2013-6-1,1050,3148,8
2013-6-2,1050,3149,2
2013-6-3,1050,3150,4
2013-6-1,1051,3151,0
2013-6-2,1051,3152,6
2013-6-3,1051,3153,6
2013-6-1,1052,3154,13
2013-6-2,1052,3155,12
2013-6-3,1052,3156,10
2013-6-1,1053,3157,7
2013-6-2,1053,3158,8
2013-6-3,1053,3159,14
2013-6-1,1054,3160,4
2013-6-2,1054,3161,8
2013-6-3,1054,3162,16
2013-6-1,1055,3163,17
2013-6-2,1055,3164,4
2013-6-3,1055,3165,2
2013-6-1,1056,3166,8
2013-6-2,1056,3167,19
2013-6-3,1056,3168,14
2013-6-1,1057,3169,2
2013-6-2,1057,3170,1
2013-6-3,1057,3171,6
2013-6-1,1058,3172,7
2013-6-2,1058,3173,8
2013-6-3,1058,3174,3
2013-6-1,1059,3175,9
2013-6-2,1059,3176,10
2013-6-3,1059,3177,3
2013-6-1,1060,3178,17
2013-6-2,1060,3179,0
2013-6-3,1060,3180,14
2013-6-1,1061,3181,7
2013-6-2,1061,3182,15
2013-6-3,1061,3183,12
2013-6-1,1062,3184,15
2013-6-2,1062,3185,14
2013-6-3,1062,3186,17
2013-6-1,1063,3187,3
2013-6-2,1063,3188,7
2013-6-3,1063,3189,12
2013-6-1,1064,3190,15
2013-6-2,1064,3191,14
2013-6-3,1064,3192,5
2013-6-1,1065,3193,6
2013-6-2,1065,3194,0
2013-6-3,1065,3195,6
2013-6-1,1066,3196,10
2013-6-2,1066,3197,9
2013-6-3,1066,3198,12
2013-6-1,1067,3199,2
2013-6-2,1067,3200,12
2013-6-3,1067,3201,5
2013-6-1,1068,3202,2
2013-6-2,1068,3203,9
2013-6-3,1068,3204,2
2013-6-1,1069,3205,16
2013-6-2,1069,3206,6
2013-6-3,1069,3207,0
2013-6-1,1070,3208,10
2013-6-2,1070,3209,14
2013-6-3,1070,3210,8
2013-6-1,1071,3211,14
2013-6-2,1071,3212,7
2013-6-3,1071,3213,14
2013-6-1,1072,3214,5
2013-6-2,1072,3215,3
2013-6-3,1072,3216,19
2013-6-1,1073,3217,14
2013-6-2,1073,3218,16
2013-6-3,1073,3219,0
2013-6-1,1074,3220,14
2013-6-2,1074,3221,4
2013-6-3,1074,3222,2
2013-6-1,1075,3223,5
2013-6-2,1075,3224,12
2013-6-3,1075,3225,17
2013-6-1,1076,3226,15
2013-6-2,1076,3227,19
2013-6-3,1076,3228,4
2013-6-1,1077,3229,1
2013-6-2,1077,3230,2
2013-6-3,1077,3231,1
2013-6-1,1078,3232,18
2013-6-2,1078,3233,17
2013-6-3,1078,3234,11
2013-6-1,1079,3235,13
2013-6-2,1079,3236,17
2013-6-3,1079,3237,14
2013-6-1,1080,3238,7
2013-6-2,1080,3239,15
2013-6-3,1080,3240,18
2013-6-1,1081,3241,10
2013-6-2,1081,3242,8
2013-6-3,1081,3243,17
2013-6-1,1082,3244,12
2013-6-2,1082,3245,19
2013-6-3,1082,3246,8
2013-6-1,1083,3247,11
2013-6-2,1083,3248,1
2013-6-3,1083,3249,4
2013-6-1,1084,3250,1
2013-6-2,1084,3251,4
2013-6-3,1084,3252,13
2013-6-1,1085,3253,8
2013-6-2,1085,3254,15
2013-6-3,1085,3255,10
2013-6-1,1086,3256,6
2013-6-2,1086,3257,8
2013-6-3,1086,3258,9
2013-6-1,1087,3259,14
2013-6-2,1087,3260,5
2013-6-3,1087,3261,5
2013-6-1,1088,3262,18
2013-6-2,1088,3263,15
2013-6-3,1088,3264,16
2013-6-1,1089,3265,11
2013-6-2,1089,3266,8
2013-6-3,1089,3267,13
2013-6-1,1090,3268,6
2013-6-2,1090,3269,17
2013-6-3,1090,3270,8
2013-6-1,1091,3271,11
2013-6-2,1091,3272,15
2013-6-3,1091,3273,4
2013-6-1,1092,3274,2
2013-6-2,1092,3275,10
2013-6-3,1092,3276,17
2013-6-1,1093,3277,19
2013-6-2,1093,3278,18
2013-6-3,1093,3279,18
2013-6-1,1094,3280,12
2013-6-2,1094,3281,14
2013-6-3,1094,3282,0
2013-6-1,1095,3283,9
2013-6-2,1095,3284,1
2013-6-3,1095,3285,8
2013-6-1,1096,3286,16
2013-6-2,1096,3287,19
2013-6-3,1096,3288,0
2013-6-1,1097,3289,11
2013-6-2,1097,3290,15
2013-6-3,1097,3291,1
2013-6-1,1098,3292,3
2013-6-2,1098,3293,2
2013-6-3,1098,3294,12
2013-6-1,1099,3295,6
2013-6-2,1099,3296,19
2013-6-3,1099,3297,9
2013-6-1,1100,3298,6
2013-6-2,1100,3299,9
2013-6-3,1100,3300,17
2013-6-1,1101,3301,1
2013-6-2,1101,3302,3
2013-6-3,1101,3303,5
2013-6-1,1102,3304,6
2013-6-2,1102,3305,9
2013-6-3,1102,3306,5
2013-6-1,1103,3307,4
2013-6-2,1103,3308,5
2013-6-3,1103,3309,18
2013-6-1,1104,3310,0
2013-6-2,1104,3311,9
2013-6-3,1104,3312,10
2013-6-1,1105,3313,10
2013-6-2,1105,3314,6
2013-6-3,1105,3315,13
2013-6-1,1106,3316,9
2013-6-2,1106,3317,11
2013-6-3,1106,3318,15
2013-6-1,1107,3319,14
2013-6-2,1107,3320,8
2013-6-3,1107,3321,14
2013-6-1,1108,3322,1
2013-6-2,1108,3323,7
2013-6-3,1108,3324,18
2013-6-1,1109,3325,0
2013-6-2,1109,3326,7
2013-6-3,1109,3327,0
2013-6-1,1110,3328,13
2013-6-2,1110,3329,13
2013-6-3,1110,3330,9
2013-6-1,1111,3331,14
2013-6-2,1111,3332,16
2013-6-3,1111,3333,12
2013-6-1,1112,3334,14
2013-6-2,1112,3335,15
2013-6-3,1112,3336,18
2013-6-1,1113,3337,19
2013-6-2,1113,3338,10
2013-6-3,1113,3339,11
2013-6-1,1114,3340,1
2013-6-2,1114,3341,15
2013-6-3,1114,3342,3
2013-6-1,1115,3343,19
2013-6-2,1115,3344,19
2013-6-3,1115,3345,10
2013-6-1,1116,3346,2
2013-6-2,1116,3347,4
2013-6-3,1116,3348,18
2013-6-1,1117,3349,13
2013-6-2,1117,3350,18
2013-6-3,1117,3351,15
2013-6-1,1118,3352,12
2013-6-2,1118,3353,5
2013-6-3,1118,3354,18
2013-6-1,1119,3355,1
2013-6-2,1119,3356,12
2013-6-3,1119,3357,5
2013-6-1,1120,3358,5
2013-6-2,1120,3359,6
2013-6-3,1120,3360,0
2013-6-1,1121,3361,5
2013-6-2,1121,3362,4
2013-6-3,1121,3363,11
2013-6-1,1122,3364,4
2013-6-2,1122,3365,3
2013-6-3,1122,3366,11
2013-6-1,1123,3367,1
2013-6-2,1123,3368,3
2013-6-3,1123,3369,15
2013-6-1,1124,3370,0
2013-6-2,1124,3371,0
2013-6-3,1124,3372,13
2013-6-1,1125,3373,15
2013-6-2,1125,3374,1
2013-6-3,1125,3375,15
2013-6-1,1126,3376,9
2013-6-2,1126,3377,4
2013-6-3,1126,3378,12
2013-6-1,1127,3379,0
2013-6-2,1127,3380,8
2013-6-3,1127,3381,7
2013-6-1,1128,3382,18
2013-6-2,1128,3383,4
2013-6-3,1128,3384,15
2013-6-1,1129,3385,16
2013-6-2,1129,3386,18
2013-6-3,1129,3387,17
2013-6-1,1130,3388,11
2013-6-2,1130,3389,12
2013-6-3,1130,3390,17
2013-6-1,1131,3391,4
2013-6-2,1131,3392,19
2013-6-3,1131,3393,11
2013-6-1,1132,3394,15
2013-6-2,1132,3395,12
2013-6-3,1132,3396,8
2013-6-1,1133,3397,8
2013-6-2,1133,3398,11
2013-6-3,1133,3399,5
2013-6-1,1134,3400,5
2013-6-2,1134,3401,6
2013-6-3,1134,3402,3
2013-6-1,1135,3403,18
2013-6-2,1135,3404,4
2013-6-3,1135,3405,13
2013-6-1,1136,3406,7
2013-6-2,1136,3407,8
2013-6-3,1136,3408,5
2013-6-1,1137,3409,14
2013-6-2,1137,3410,5
2013-6-3,1137,3411,3
2013-6-1,1138,3412,7
2013-6-2,1138,3413,4
2013-6-3,1138,3414,15
2013-6-1,1139,3415,11
2013-6-2,1139,3416,5
2013-6-3,1139,3417,15
2013-6-1,1140,3418,2
2013-6-2,1140,3419,17
2013-6-3,1140,3420,0
2013-6-1,1141,3421,19
2013-6-2,1141,3422,2
2013-6-3,1141,3423,14
2013-6-1,1142,3424,6
2013-6-2,1142,3425,10
2013-6-3,1142,3426,10
2013-6-1,1143,3427,5
2013-6-2,1143,3428,18
2013-6-3,1143,3429,15
2013-6-1,1144,3430,2
2013-6-2,1144,3431,17
2013-6-3,1144,3432,0
2013-6-1,1145,3433,14
2013-6-2,1145,3434,12
2013-6-3,1145,3435,1
2013-6-1,1146,3436,11
2013-6-2,1146,3437,6
2013-6-3,1146,3438,17
2013-6-1,1147,3439,11
2013-6-2,1147,3440,16
2013-6-3,1147,3441,19
2013-6-1,1148,3442,1
2013-6-2,1148,3443,0
2013-6-3,1148,3444,2
2013-6-1,1149,3445,1
2013-6-2,1149,3446,1
2013-6-3,1149,3447,10
2013-6-1,1150,3448,3
2013-6-2,1150,3449,14
2013-6-3,1150,3450,5
2013-6-1,1151,3451,17
2013-6-2,1151,3452,6
2013-6-3,1151,3453,10
2013-6-1,1152,3454,9
2013-6-2,1152,3455,15
2013-6-3,1152,3456,17
2013-6-1,1153,3457,17
2013-6-2,1153,3458,18
2013-6-3,1153,3459,15
2013-6-1,1154,3460,3
2013-6-2,1154,3461,4
2013-6-3,1154,3462,4
2013-6-1,1155,3463,6
2013-6-2,1155,3464,0
2013-6-3,1155,3465,1
2013-6-1,1156,3466,2
2013-6-2,1156,3467,9
2013-6-3,1156,3468,6
2013-6-1,1157,3469,13
2013-6-2,1157,3470,19
2013-6-3,1157,3471,0
2013-6-1,1158,3472,9
2013-6-2,1158,3473,18
2013-6-3,1158,3474,18
2013-6-1,1159,3475,11
2013-6-2,1159,3476,5
2013-6-3,1159,3477,14
2013-6-1,1160,3478,12
2013-6-2,1160,3479,18
2013-6-3,1160,3480,3
2013-6-1,1161,3481,1
2013-6-2,1161,3482,3
2013-6-3,1161,3483,3
2013-6-1,1162,3484,14
2013-6-2,1162,3485,19
2013-6-3,1162,3486,19
2013-6-1,1163,3487,1
2013-6-2,1163,3488,17
2013-6-3,1163,3489,6
2013-6-1,1164,3490,19
2013-6-2,1164,3491,17
2013-6-3,1164,3492,19
2013-6-1,1165,3493,5
2013-6-2,1165,3494,9
2013-6-3,1165,3495,0
2013-6-1,1166,3496,14
2013-6-2,1166,3497,5
2013-6-3,1166,3498,18
2013-6-1,1167,3499,15
2013-6-2,1167,3500,16
2013-6-3,1167,3501,15
2013-6-1,1168,3502,16
2013-6-2,1168,3503,19
2013-6-3,1168,3504,4
2013-6-1,1169,3505,1
2013-6-2,1169,3506,10
2013-6-3,1169,3507,17
2013-6-1,1170,3508,10
2013-6-2,1170,3509,14
2013-6-3,1170,3510,16
2013-6-1,1171,3511,10
2013-6-2,1171,3512,15
2013-6-3,1171,3513,8
2013-6-1,1172,3514,17
2013-6-2,1172,3515,9
2013-6-3,1172,3516,12
2013-6-1,1173,3517,7
2013-6-2,1173,3518,2
2013-6-3,1173,3519,18
2013-6-1,1174,3520,4
2013-6-2,1174,3521,0
2013-6-3,1174,3522,8
2013-6-1,1175,3523,19
2013-6-2,1175,3524,9
2013-6-3,1175,3525,5
2013-6-1,1176,3526,5
2013-6-2,1176,3527,18
2013-6-3,1176,3528,8
2013-6-1,1177,3529,0
2013-6-2,1177,3530,19
2013-6-3,1177,3531,10
2013-6-1,1178,3532,6
2013-6-2,1178,3533,15
2013-6-3,1178,3534,2
2013-6-1,1179,3535,19
2013-6-2,1179,3536,9
2013-6-3,1179,3537,19
2013-6-1,1180,3538,17
2013-6-2,1180,3539,1
2013-6-3,1180,3540,7
2013-6-1,1181,3541,6
2013-6-2,1181,3542,1
2013-6-3,1181,3543,13
2013-6-1,1182,3544,17
2013-6-2,1182,3545,19
2013-6-3,1182,3546,2
2013-6-1,1183,3547,6
2013-6-2,1183,3548,7
2013-6-3,1183,3549,0
2013-6-1,1184,3550,7
2013-6-2,1184,3551,3
2013-6-3,1184,3552,16
2013-6-1,1185,3553,18
2013-6-2,1185,3554,5
2013-6-3,1185,3555,2
2013-6-1,1186,3556,6
2013-6-2,1186,3557,6
2013-6-3,1186,3558,7
2013-6-1,1187,3559,6
2013-6-2,1187,3560,4
2013-6-3,1187,3561,1
2013-6-1,1188,3562,9
2013-6-2,1188,3563,18
2013-6-3,1188,3564,0
2013-6-1,1189,3565,6
2013-6-2,1189,3566,3
2013-6-3,1189,3567,17
2013-6-1,1190,3568,4
2013-6-2,1190,3569,3
2013-6-3,1190,3570,18
2013-6-1,1191,3571,11
2013-6-2,1191,3572,0
2013-6-3,1191,3573,17
2013-6-1,1192,3574,7
2013-6-2,1192,3575,2
2013-6-3,1192,3576,19
2013-6-1,1193,3577,14
2013-6-2,1193,3578,11
2013-6-3,1193,3579,15
2013-6-1,1194,3580,16
2013-6-2,1194,3581,18
2013-6-3,1194,3582,14
2013-6-1,1195,3583,11
2013-6-2,1195,3584,0
2013-6-3,1195,3585,6
2013-6-1,1196,3586,19
2013-6-2,1196,3587,1
2013-6-3,1196,3588,9
2013-6-1,1197,3589,16
2013-6-2,1197,3590,5
2013-6-3,1197,3591,18
2013-6-1,1198,3592,13
2013-6-2,1198,3593,7
2013-6-3,1198,3594,5
2013-6-1,1199,3595,0
2013-6-2,1199,3596,1
2013-6-3,1199,3597,0
2013-6-1,1200,3598,5
2013-6-2,1200,3599,5
2013-6-3,1200,3600,18
2013-6-1,1201,3601,15
2013-6-2,1201,3602,9
2013-6-3,1201,3603,8
2013-6-1,1202,3604,11
2013-6-2,1202,3605,0
2013-6-3,1202,3606,17
2013-6-1,1203,3607,10
2013-6-2,1203,3608,4
2013-6-3,1203,3609,9
2013-6-1,1204,3610,15
2013-6-2,1204,3611,18
2013-6-3,1204,3612,11
2013-6-1,1205,3613,4
2013-6-2,1205,3614,19
2013-6-3,1205,3615,8
2013-6-1,1206,3616,8
2013-6-2,1206,3617,15
2013-6-3,1206,3618,1
2013-6-1,1207,3619,0
2013-6-2,1207,3620,15
2013-6-3,1207,3621,0
2013-6-1,1208,3622,13
2013-6-2,1208,3623,19
2013-6-3,1208,3624,7
2013-6-1,1209,3625,0
2013-6-2,1209,3626,14
2013-6-3,1209,3627,15
2013-6-1,1210,3628,14
2013-6-2,1210,3629,16
2013-6-3,1210,3630,18
2013-6-1,1211,3631,15
2013-6-2,1211,3632,9
2013-6-3,1211,3633,14
2013-6-1,1212,3634,3
2013-6-2,1212,3635,18
2013-6-3,1212,3636,2
2013-6-1,1213,3637,2
2013-6-2,1213,3638,5
2013-6-3,1213,3639,17
2013-6-1,1214,3640,13
2013-6-2,1214,3641,8
2013-6-3,1214,3642,2
2013-6-1,1215,3643,9
2013-6-2,1215,3644,7
2013-6-3,1215,3645,15
2013-6-1,1216,3646,18
2013-6-2,1216,3647,16
2013-6-3,1216,3648,12
2013-6-1,1217,3649,5
2013-6-2,1217,3650,19
2013-6-3,1217,3651,11
2013-6-1,1218,3652,4
2013-6-2,1218,3653,5
2013-6-3,1218,3654,1
2013-6-1,1219,3655,16
2013-6-2,1219,3656,15
2013-6-3,1219,3657,3
2013-6-1,1220,3658,1
2013-6-2,1220,3659,15
2013-6-3,1220,3660,19
2013-6-1,1221,3661,6
2013-6-2,1221,3662,16
2013-6-3,1221,3663,18
2013-6-1,1222,3664,19
2013-6-2,1222,3665,12
2013-6-3,1222,3666,7
2013-6-1,1223,3667,19
2013-6-2,1223,3668,9
2013-6-3,1223,3669,16
2013-6-1,1224,3670,13
2013-6-2,1224,3671,6
2013-6-3,1224,3672,4
2013-6-1,1225,3673,16
2013-6-2,1225,3674,17
2013-6-3,1225,3675,3
2013-6-1,1226,3676,17
2013-6-2,1226,3677,18
2013-6-3,1226,3678,2
2013-6-1,1227,3679,16
2013-6-2,1227,3680,16
2013-6-3,1227,3681,0
2013-6-1,1228,3682,2
2013-6-2,1228,3683,7
2013-6-3,1228,3684,4
2013-6-1,1229,3685,17
2013-6-2,1229,3686,7
2013-6-3,1229,3687,7
2013-6-1,1230,3688,7
2013-6-2,1230,3689,7
2013-6-3,1230,3690,9
2013-6-1,1231,3691,8
2013-6-2,1231,3692,3
2013-6-3,1231,3693,19
2013-6-1,1232,3694,9
2013-6-2,1232,3695,16
2013-6-3,1232,3696,15
2013-6-1,1233,3697,9
2013-6-2,1233,3698,14
2013-6-3,1233,3699,3
2013-6-1,1234,3700,18
2013-6-2,1234,3701,5
2013-6-3,1234,3702,10
2013-6-1,1235,3703,7
2013-6-2,1235,3704,15
2013-6-3,1235,3705,15
2013-6-1,1236,3706,16
2013-6-2,1236,3707,17
2013-6-3,1236,3708,12
2013-6-1,1237,3709,2
2013-6-2,1237,3710,13
2013-6-3,1237,3711,3
2013-6-1,1238,3712,5
2013-6-2,1238,3713,0
2013-6-3,1238,3714,9
2013-6-1,1239,3715,19
2013-6-2,1239,3716,14
2013-6-3,1239,3717,9
2013-6-1,1240,3718,4
2013-6-2,1240,3719,18
2013-6-3,1240,3720,17
2013-6-1,1241,3721,2
2013-6-2,1241,3722,7
2013-6-3,1241,3723,15
2013-6-1,1242,3724,11
2013-6-2,1242,3725,15
2013-6-3,1242,3726,2
2013-6-1,1243,3727,3
2013-6-2,1243,3728,1
2013-6-3,1243,3729,1
2013-6-1,1244,3730,11
2013-6-2,1244,3731,0
2013-6-3,1244,3732,11
2013-6-1,1245,3733,6
2013-6-2,1245,3734,0
2013-6-3,1245,3735,14
2013-6-1,1246,3736,12
2013-6-2,1246,3737,10
2013-6-3,1246,3738,5
2013-6-1,1247,3739,10
2013-6-2,1247,3740,6
2013-6-3,1247,3741,2
2013-6-1,1248,3742,10
2013-6-2,1248,3743,3
2013-6-3,1248,3744,13

