2013-6-2,16:15:0,6,95,1,2013-6-1,2,4:53:0,F,1,294.00,56
2013-6-2,23:33:0,17,69,2,2013-6-1,1,10:34:0,T,2,335.00,65
2013-6-3,11:8:0,11,58,3,2013-6-1,45,4:34:0,F,1,218.00,39
2013-6-2,17:21:0,16,144,4,2013-6-2,43,9:3:0,F,3,206.00,58
2013-6-4,10:53:0,20,73,5,2013-6-2,38,23:1:0,T,1,217.00,52
2013-6-4,20:3:0,19,108,6,2013-6-1,20,12:41:0,T,1,449.00,55
2013-6-3,16:33:0,1,101,7,2013-6-1,48,13:23:0,T,1,216.00,136
2013-6-2,23:44:0,21,69,8,2013-6-1,9,12:6:0,T,3,255.00,148
2013-6-2,23:46:0,10,97,9,2013-6-2,17,21:37:0,T,3,478.00,28
2013-6-4,20:47:0,2,46,10,2013-6-2,12,14:5:0,T,2,425.00,35
2013-6-4,14:11:0,14,54,11,2013-6-1,22,3:48:0,F,2,490.00,67
2013-6-2,17:17:0,14,30,12,2013-6-2,6,16:56:0,F,2,415.00,8
2013-6-2,21:9:0,6,15,13,2013-6-1,28,7:43:0,T,2,367.00,103
2013-6-4,18:49:0,12,94,14,2013-6-1,14,4:41:0,F,1,468.00,51
2013-6-4,10:33:0,19,86,15,2013-6-2,35,11:12:0,T,2,474.00,107
2013-6-4,8:24:0,8,52,16,2013-6-1,23,6:4:0,T,3,437.00,43
2013-6-2,20:38:0,17,123,17,2013-6-2,21,3:42:0,T,2,439.00,66
2013-6-4,13:34:0,24,3,18,2013-6-3,42,4:10:0,T,1,468.00,33
2013-6-3,15:27:0,24,86,19,2013-6-1,47,6:3:0,T,2,314.00,115
2013-6-2,7:8:0,8,24,20,2013-6-1,18,12:13:0,F,3,282.00,121
2013-6-4,4:27:0,6,145,21,2013-6-3,1,7:36:0,T,2,266.00,18
2013-6-4,23:28:0,12,63,22,2013-6-1,6,12:57:0,T,3,306.00,94
2013-6-2,6:33:0,9,111,23,2013-6-1,46,17:0:0,F,3,339.00,98
2013-6-4,15:14:0,14,74,24,2013-6-3,16,12:16:0,T,3,381.00,76
2013-6-4,4:6:0,18,107,25,2013-6-3,23,5:6:0,F,3,379.00,76
2013-6-3,20:17:0,14,7,26,2013-6-2,40,17:8:0,F,3,455.00,10
2013-6-4,18:24:0,15,108,27,2013-6-2,34,19:7:0,F,3,399.00,95
2013-6-4,17:6:0,22,20,28,2013-6-1,49,12:9:0,F,2,233.00,95
2013-6-4,6:20:0,17,31,29,2013-6-1,3,17:46:0,T,1,415.00,8
2013-6-3,10:58:0,5,47,30,2013-6-1,40,15:16:0,T,3,478.00,74
2013-6-1,5:59:0,14,57,31,2013-6-1,23,4:14:0,T,3,488.00,96
2013-6-2,9:56:0,17,126,32,2013-6-1,10,11:28:0,T,3,376.00,95
2013-6-1,19:51:0,20,126,33,2013-6-1,28,9:49:0,T,1,459.00,8
2013-6-3,17:26:0,17,75,34,2013-6-3,5,12:26:0,T,2,408.00,41
2013-6-2,3:51:0,15,96,35,2013-6-1,23,0:24:0,F,3,246.00,80
2013-6-4,8:1:0,22,127,36,2013-6-2,19,0:22:0,T,2,403.00,110
2013-6-3,16:47:0,12,48,37,2013-6-3,36,16:10:0,T,1,234.00,35
2013-6-4,11:4:0,6,35,38,2013-6-1,26,12:17:0,F,3,335.00,118
2013-6-1,21:59:0,13,127,39,2013-6-1,12,16:31:0,F,2,431.00,47
2013-6-2,1:27:0,7,133,40,2013-6-1,23,5:55:0,T,2,216.00,144
2013-6-1,16:25:0,14,91,41,2013-6-1,38,1:28:0,T,3,331.00,89
2013-6-3,12:46:0,23,78,42,2013-6-2,23,22:46:0,T,2,207.00,81
2013-6-2,15:46:0,14,26,43,2013-6-1,28,1:6:0,F,3,490.00,86
2013-6-3,15:3:0,24,135,44,2013-6-3,38,14:26:0,F,3,370.00,35
2013-6-3,7:9:0,23,34,45,2013-6-1,22,6:37:0,T,1,374.00,1
2013-6-4,4:24:0,9,130,46,2013-6-3,42,6:28:0,T,3,229.00,23
2013-6-3,2:48:0,24,29,47,2013-6-2,32,3:43:0,F,3,408.00,66
2013-6-3,0:40:0,23,57,48,2013-6-1,38,18:34:0,F,3,319.00,49
2013-6-3,12:19:0,7,22,49,2013-6-3,48,7:41:0,T,2,249.00,51
2013-6-1,4:30:0,24,146,50,2013-6-1,50,1:32:0,F,2,483.00,109
2013-6-3,17:13:0,2,41,51,2013-6-3,21,3:56:0,T,3,496.00,13
2013-6-3,15:53:0,1,138,52,2013-6-1,40,22:27:0,F,2,387.00,142
2013-6-3,15:34:0,5,85,53,2013-6-2,35,2:57:0,T,2,440.00,1
2013-6-3,9:52:0,3,95,54,2013-6-2,18,15:45:0,T,2,465.00,105
2013-6-4,10:15:0,8,84,55,2013-6-1,3,3:45:0,F,3,243.00,138
2013-6-2,21:13:0,9,140,56,2013-6-1,14,19:32:0,T,1,454.00,53
2013-6-4,13:58:0,11,94,57,2013-6-1,39,7:7:0,F,3,292.00,60
2013-6-4,3:57:0,9,31,58,2013-6-3,36,23:27:0,F,2,406.00,108
2013-6-4,14:12:0,18,65,59,2013-6-3,31,17:38:0,T,1,335.00,129
2013-6-3,18:3:0,24,108,60,2013-6-2,21,20:12:0,F,3,236.00,92
2013-6-2,9:19:0,20,63,61,2013-6-1,7,21:19:0,F,3,490.00,123
2013-6-4,19:26:0,15,13,62,2013-6-1,32,1:12:0,F,3,425.00,34
2013-6-1,20:40:0,16,79,63,2013-6-1,49,11:1:0,T,2,201.00,42
2013-6-3,7:58:0,14,84,64,2013-6-2,9,15:0:0,F,2,482.00,50
2013-6-3,3:47:0,5,130,65,2013-6-1,8,13:48:0,T,3,306.00,71
2013-6-4,23:29:0,9,80,66,2013-6-3,37,0:41:0,F,3,219.00,62
2013-6-4,5:34:0,15,102,67,2013-6-3,38,8:52:0,T,2,370.00,152
2013-6-2,15:15:0,2,115,68,2013-6-2,7,8:15:0,T,3,301.00,77
2013-6-3,2:23:0,24,129,69,2013-6-1,19,16:2:0,T,1,240.00,93
2013-6-4,23:17:0,15,9,70,2013-6-2,43,18:2:0,T,1,397.00,8
2013-6-4,7:52:0,20,20,71,2013-6-1,42,5:50:0,T,3,214.00,95
2013-6-3,5:54:0,21,33,72,2013-6-3,17,3:25:0,T,2,398.00,106
2013-6-4,18:36:0,9,17,73,2013-6-1,29,12:13:0,T,3,378.00,151
2013-6-4,17:31:0,16,26,74,2013-6-3,42,18:54:0,F,1,388.00,91
2013-6-4,3:9:0,19,14,75,2013-6-2,14,17:39:0,F,2,257.00,89
2013-6-4,17:19:0,21,150,76,2013-6-3,49,16:32:0,F,2,295.00,94
2013-6-4,11:40:0,20,28,77,2013-6-2,16,10:36:0,T,1,470.00,6
2013-6-3,22:53:0,16,33,78,2013-6-2,22,21:26:0,T,1,258.00,60
2013-6-4,13:12:0,9,1,79,2013-6-2,28,8:48:0,T,3,208.00,86
2013-6-4,4:16:0,5,70,80,2013-6-3,23,1:40:0,T,3,309.00,154
2013-6-4,18:12:0,20,25,81,2013-6-2,36,21:43:0,T,3,473.00,17
2013-6-4,18:11:0,17,2,82,2013-6-1,6,4:1:0,T,1,483.00,60
2013-6-3,2:54:0,23,32,83,2013-6-1,1,20:23:0,F,1,361.00,152
2013-6-4,20:56:0,24,106,84,2013-6-1,37,9:29:0,F,3,225.00,36
2013-6-1,14:38:0,9,107,85,2013-6-1,16,7:54:0,F,1,271.00,79
2013-6-3,12:24:0,8,41,86,2013-6-1,3,0:53:0,F,1,317.00,67
2013-6-3,20:9:0,20,97,87,2013-6-3,21,2:6:0,T,1,495.00,48
2013-6-1,15:41:0,8,98,88,2013-6-1,27,2:33:0,T,2,484.00,31
2013-6-4,20:23:0,23,48,89,2013-6-2,8,10:22:0,T,3,339.00,97
2013-6-4,15:17:0,1,2,90,2013-6-3,15,12:3:0,T,1,376.00,91
2013-6-4,18:23:0,7,60,91,2013-6-1,5,20:26:0,T,2,263.00,85
2013-6-3,6:12:0,4,20,92,2013-6-1,34,14:2:0,F,2,478.00,60
2013-6-2,17:43:0,10,132,93,2013-6-1,40,0:15:0,T,3,350.00,96
2013-6-1,13:25:0,10,27,94,2013-6-1,0,10:9:0,T,3,335.00,123
2013-6-1,9:21:0,24,14,95,2013-6-1,40,0:56:0,F,1,356.00,46
2013-6-4,21:55:0,6,46,96,2013-6-3,0,2:48:0,F,2,261.00,107
2013-6-2,14:32:0,19,123,97,2013-6-1,44,20:38:0,F,2,231.00,37
2013-6-4,12:45:0,5,69,98,2013-6-2,15,4:10:0,F,1,381.00,154
2013-6-4,23:41:0,20,56,99,2013-6-1,15,2:21:0,T,3,379.00,152
2013-6-4,22:9:0,8,50,100,2013-6-3,19,15:3:0,T,2,273.00,52
2013-6-3,1:45:0,7,6,101,2013-6-2,27,9:6:0,F,2,381.00,149
2013-6-1,17:21:0,11,103,102,2013-6-1,12,6:13:0,T,2,202.00,97
2013-6-4,7:45:0,7,10,103,2013-6-2,23,23:7:0,F,1,367.00,132
2013-6-4,3:5:0,21,114,104,2013-6-1,12,17:11:0,T,3,236.00,123
2013-6-3,21:4:0,10,5,105,2013-6-1,42,1:9:0,F,2,486.00,103
2013-6-4,5:27:0,24,121,106,2013-6-3,22,17:13:0,T,2,280.00,105
2013-6-4,16:10:0,10,137,107,2013-6-2,28,0:5:0,F,3,453.00,52
2013-6-3,23:13:0,15,42,108,2013-6-1,45,23:54:0,T,1,344.00,3
2013-6-3,6:32:0,4,152,109,2013-6-1,29,10:31:0,F,3,411.00,46
2013-6-4,23:59:0,11,133,110,2013-6-2,26,19:16:0,T,2,389.00,146
2013-6-4,18:28:0,17,87,111,2013-6-1,49,2:45:0,T,2,464.00,86
2013-6-2,1:17:0,5,70,112,2013-6-1,23,21:7:0,F,3,273.00,18
2013-6-4,8:48:0,9,122,113,2013-6-3,12,6:44:0,T,3,369.00,106
2013-6-2,11:32:0,5,46,114,2013-6-1,30,2:0:0,T,1,405.00,83
2013-6-4,8:57:0,1,152,115,2013-6-1,32,17:8:0,T,2,429.00,25
2013-6-3,14:40:0,12,98,116,2013-6-3,26,13:0:0,F,1,371.00,102
2013-6-3,17:54:0,7,63,117,2013-6-2,42,21:37:0,F,2,360.00,127
2013-6-3,20:12:0,7,28,118,2013-6-3,4,2:34:0,F,2,243.00,137
2013-6-2,2:10:0,20,15,119,2013-6-1,14,20:35:0,F,2,392.00,127
2013-6-3,17:15:0,9,46,120,2013-6-1,3,4:45:0,F,2,290.00,76
2013-6-4,3:1:0,19,52,121,2013-6-1,34,2:3:0,F,3,252.00,152
2013-6-4,17:4:0,14,51,122,2013-6-1,41,15:9:0,T,2,254.00,146
2013-6-3,20:45:0,6,3,123,2013-6-2,14,6:22:0,F,2,484.00,44
2013-6-4,16:38:0,16,132,124,2013-6-3,0,12:5:0,F,3,321.00,84
2013-6-3,4:48:0,6,59,125,2013-6-2,32,9:0:0,T,3,367.00,104
2013-6-2,13:41:0,11,97,126,2013-6-1,14,14:47:0,F,1,282.00,114
2013-6-3,5:25:0,17,151,127,2013-6-2,15,21:20:0,F,3,456.00,64
2013-6-3,17:20:0,14,41,128,2013-6-2,5,3:32:0,T,3,482.00,54
2013-6-3,14:21:0,21,144,129,2013-6-1,26,22:59:0,T,2,434.00,146
2013-6-2,22:20:0,5,19,130,2013-6-1,44,10:58:0,F,3,481.00,40
2013-6-4,2:48:0,21,134,131,2013-6-1,10,2:42:0,F,2,385.00,27
2013-6-2,6:21:0,18,144,132,2013-6-1,34,1:13:0,T,2,445.00,56
2013-6-2,9:59:0,18,83,133,2013-6-1,41,7:7:0,F,1,294.00,53
2013-6-2,21:11:0,9,53,134,2013-6-1,7,23:7:0,F,3,332.00,124
2013-6-2,23:12:0,14,62,135,2013-6-1,40,10:54:0,F,1,298.00,111
2013-6-3,13:30:0,19,75,136,2013-6-2,23,12:14:0,F,1,212.00,124
2013-6-4,4:17:0,4,154,137,2013-6-3,42,19:31:0,T,3,267.00,55
2013-6-4,15:8:0,16,37,138,2013-6-2,13,1:45:0,F,1,220.00,100
2013-6-2,8:8:0,15,79,139,2013-6-2,29,5:27:0,T,3,221.00,49
2013-6-3,18:6:0,21,150,140,2013-6-1,13,22:38:0,T,1,346.00,134
2013-6-4,19:30:0,13,53,141,2013-6-3,36,14:41:0,T,1,262.00,149
2013-6-2,15:48:0,17,12,142,2013-6-2,1,1:37:0,F,2,441.00,5
2013-6-4,11:57:0,6,34,143,2013-6-2,49,8:42:0,T,2,455.00,152
2013-6-4,6:35:0,10,112,144,2013-6-1,28,4:25:0,F,3,370.00,89
2013-6-2,7:20:0,21,102,145,2013-6-2,39,6:46:0,F,2,220.00,111
2013-6-3,8:48:0,1,38,146,2013-6-1,50,5:56:0,T,1,219.00,84
2013-6-4,3:12:0,5,133,147,2013-6-1,47,21:45:0,T,2,328.00,73
2013-6-4,23:46:0,3,109,148,2013-6-1,20,15:27:0,T,3,298.00,23
2013-6-1,15:57:0,3,79,149,2013-6-1,38,4:53:0,F,3,204.00,123
2013-6-4,6:25:0,18,143,150,2013-6-3,11,15:45:0,F,3,362.00,114
2013-6-3,21:54:0,17,129,151,2013-6-1,12,10:44:0,F,1,493.00,135
2013-6-2,20:22:0,22,27,152,2013-6-2,25,0:30:0,T,1,386.00,87
2013-6-2,23:57:0,3,81,153,2013-6-2,10,3:52:0,T,2,313.00,58
2013-6-3,7:35:0,22,12,154,2013-6-3,36,2:8:0,T,3,463.00,132
2013-6-4,1:14:0,3,27,155,2013-6-1,8,8:29:0,T,3,343.00,117
2013-6-4,11:5:0,17,42,156,2013-6-1,4,6:14:0,T,3,420.00,79
2013-6-4,2:24:0,20,19,157,2013-6-3,20,18:37:0,T,1,401.00,46
2013-6-3,6:46:0,21,81,158,2013-6-1,23,21:10:0,T,3,245.00,101
2013-6-4,6:22:0,22,120,159,2013-6-3,1,18:20:0,F,2,212.00,1
2013-6-4,0:54:0,12,59,160,2013-6-3,21,8:16:0,T,2,475.00,131
2013-6-4,3:1:0,15,153,161,2013-6-1,37,1:32:0,F,2,276.00,2
2013-6-3,21:8:0,6,61,162,2013-6-3,48,20:32:0,T,3,312.00,33
2013-6-3,22:43:0,24,109,163,2013-6-2,36,5:27:0,T,2,487.00,68
2013-6-4,21:45:0,3,26,164,2013-6-3,21,15:1:0,T,3,329.00,144
2013-6-3,16:17:0,13,68,165,2013-6-2,43,0:0:0,T,2,456.00,102
2013-6-4,17:39:0,12,23,166,2013-6-2,48,22:30:0,T,1,378.00,26
2013-6-2,18:35:0,4,66,167,2013-6-1,2,15:47:0,F,2,310.00,24
2013-6-4,17:24:0,24,116,168,2013-6-3,7,10:2:0,T,2,290.00,53
2013-6-4,3:36:0,10,90,169,2013-6-2,40,22:32:0,T,3,411.00,30
2013-6-4,19:32:0,6,119,170,2013-6-2,17,19:54:0,T,1,423.00,126
2013-6-3,21:0:0,17,138,171,2013-6-2,18,6:37:0,F,1,366.00,134
2013-6-4,22:46:0,24,121,172,2013-6-3,5,0:55:0,T,2,342.00,138
2013-6-4,21:44:0,14,58,173,2013-6-3,3,21:16:0,F,3,263.00,70
2013-6-1,19:31:0,20,84,174,2013-6-1,0,17:10:0,F,1,450.00,139
2013-6-4,9:1:0,8,87,175,2013-6-2,13,20:38:0,F,3,331.00,121
2013-6-4,20:42:0,2,100,176,2013-6-3,0,9:4:0,F,3,235.00,11
2013-6-4,3:43:0,3,145,177,2013-6-3,38,6:34:0,F,1,391.00,124
2013-6-2,23:55:0,20,141,178,2013-6-1,46,16:48:0,F,3,260.00,33
2013-6-3,14:49:0,11,73,179,2013-6-1,18,22:10:0,T,3,330.00,77
2013-6-3,20:17:0,22,148,180,2013-6-1,2,6:35:0,F,3,352.00,30
2013-6-3,4:54:0,22,80,181,2013-6-3,33,3:5:0,T,1,259.00,101
2013-6-3,7:40:0,12,9,182,2013-6-1,13,20:46:0,F,2,483.00,131
2013-6-3,9:20:0,7,94,183,2013-6-1,6,0:10:0,F,3,210.00,134
2013-6-2,9:46:0,10,74,184,2013-6-1,13,9:39:0,T,1,446.00,72
2013-6-4,3:37:0,16,99,185,2013-6-3,5,11:44:0,F,3,231.00,47
2013-6-2,4:58:0,10,79,186,2013-6-1,48,17:53:0,F,3,346.00,13
2013-6-2,17:27:0,7,2,187,2013-6-2,34,2:8:0,F,1,495.00,41
2013-6-3,9:37:0,5,106,188,2013-6-1,2,18:48:0,T,2,232.00,13
2013-6-4,17:6:0,5,109,189,2013-6-1,47,14:53:0,T,1,483.00,133
2013-6-4,12:51:0,10,118,190,2013-6-1,26,22:1:0,T,3,399.00,113
2013-6-4,17:44:0,11,98,191,2013-6-2,33,18:31:0,T,1,304.00,38
2013-6-3,1:57:0,13,132,192,2013-6-2,4,8:4:0,F,1,315.00,110
2013-6-3,16:28:0,6,108,193,2013-6-1,4,11:4:0,T,3,400.00,154
2013-6-2,15:20:0,5,122,194,2013-6-2,48,1:44:0,T,3,235.00,114
2013-6-4,0:41:0,21,147,195,2013-6-2,3,2:49:0,F,3,314.00,47
2013-6-3,1:32:0,16,91,196,2013-6-2,36,10:47:0,F,2,444.00,3
2013-6-3,21:42:0,23,63,197,2013-6-2,28,19:2:0,F,3,481.00,138
2013-6-4,5:49:0,22,79,198,2013-6-2,16,5:0:0,T,3,226.00,26
2013-6-4,6:39:0,19,6,199,2013-6-2,11,5:6:0,T,3,407.00,71
2013-6-2,12:26:0,22,132,200,2013-6-1,4,15:23:0,T,1,451.00,123
2013-6-4,13:10:0,5,126,201,2013-6-1,48,4:13:0,T,3,406.00,120
2013-6-2,8:40:0,3,9,202,2013-6-2,16,7:9:0,F,2,400.00,102
2013-6-4,7:43:0,6,104,203,2013-6-3,43,17:34:0,T,1,405.00,130
2013-6-4,18:43:0,22,109,204,2013-6-2,40,9:17:0,T,3,200.00,136
2013-6-4,19:45:0,20,96,205,2013-6-1,14,7:16:0,F,1,253.00,31
2013-6-4,6:8:0,1,41,206,2013-6-2,9,14:30:0,T,3,252.00,75
2013-6-2,21:33:0,18,154,207,2013-6-2,35,10:14:0,F,1,492.00,22
2013-6-4,21:9:0,9,134,208,2013-6-3,15,1:38:0,T,1,284.00,89
2013-6-3,22:59:0,15,106,209,2013-6-1,9,7:11:0,F,3,474.00,109
2013-6-4,17:40:0,17,81,210,2013-6-3,46,9:56:0,F,3,495.00,59
2013-6-1,21:30:0,20,80,211,2013-6-1,14,13:37:0,F,2,469.00,126
2013-6-4,20:26:0,18,149,212,2013-6-1,13,0:35:0,F,2,242.00,125
2013-6-2,14:47:0,5,15,213,2013-6-2,22,12:43:0,F,2,347.00,93
2013-6-3,12:44:0,10,70,214,2013-6-2,23,23:7:0,T,3,217.00,25
2013-6-4,15:36:0,18,16,215,2013-6-3,37,15:8:0,T,3,438.00,72
2013-6-2,12:36:0,5,76,216,2013-6-2,37,10:39:0,T,3,201.00,82
2013-6-1,18:1:0,11,127,217,2013-6-1,7,3:28:0,T,3,339.00,96
2013-6-1,22:9:0,18,112,218,2013-6-1,0,15:32:0,F,2,290.00,135
2013-6-4,22:43:0,10,133,219,2013-6-2,11,23:53:0,F,3,232.00,85
2013-6-4,21:6:0,17,8,220,2013-6-2,47,5:29:0,F,2,367.00,39
2013-6-2,2:27:0,14,110,221,2013-6-1,48,18:7:0,F,3,248.00,115
2013-6-3,17:25:0,19,128,222,2013-6-2,44,3:19:0,F,2,310.00,101
2013-6-1,14:24:0,20,53,223,2013-6-1,23,4:15:0,F,1,260.00,97
2013-6-2,22:35:0,18,2,224,2013-6-1,44,22:31:0,F,3,367.00,130
2013-6-1,23:56:0,22,154,225,2013-6-1,26,3:9:0,F,1,479.00,10
2013-6-4,2:39:0,5,154,226,2013-6-1,48,6:33:0,T,2,389.00,1
2013-6-3,5:21:0,21,69,227,2013-6-2,11,13:20:0,F,1,229.00,125
2013-6-3,3:26:0,10,51,228,2013-6-3,47,2:18:0,F,2,444.00,63
2013-6-3,23:44:0,2,117,229,2013-6-1,20,23:54:0,F,3,332.00,138
2013-6-3,22:13:0,4,78,230,2013-6-1,14,9:30:0,F,2,254.00,22
2013-6-4,1:48:0,4,56,231,2013-6-2,35,17:21:0,F,2,377.00,150
2013-6-4,12:17:0,7,38,232,2013-6-2,38,16:35:0,T,1,354.00,35
2013-6-4,6:30:0,18,40,233,2013-6-2,34,21:14:0,T,2,380.00,98
2013-6-4,7:48:0,6,9,234,2013-6-1,14,21:42:0,F,1,266.00,99
2013-6-3,17:34:0,21,131,235,2013-6-1,2,5:32:0,F,2,200.00,59
2013-6-4,21:46:0,24,11,236,2013-6-1,8,15:28:0,F,2,281.00,74
2013-6-3,1:34:0,4,72,237,2013-6-2,15,9:6:0,F,1,276.00,76
2013-6-4,22:43:0,18,50,238,2013-6-3,8,13:41:0,F,3,497.00,18
2013-6-4,9:49:0,6,72,239,2013-6-1,41,17:23:0,T,1,416.00,126
2013-6-4,0:20:0,3,102,240,2013-6-1,44,23:0:0,T,3,210.00,149
2013-6-4,4:43:0,17,82,241,2013-6-3,35,18:23:0,T,2,349.00,8
2013-6-4,0:46:0,4,30,242,2013-6-1,19,1:45:0,T,3,350.00,90
2013-6-1,12:42:0,15,106,243,2013-6-1,34,7:7:0,T,3,445.00,19
2013-6-4,20:39:0,5,89,244,2013-6-1,8,10:53:0,T,1,405.00,20
2013-6-2,17:22:0,17,19,245,2013-6-1,24,0:29:0,F,3,376.00,7
2013-6-4,17:52:0,2,100,246,2013-6-1,12,19:37:0,F,3,473.00,118
2013-6-2,13:47:0,13,145,247,2013-6-2,14,2:42:0,T,1,335.00,68
2013-6-3,19:44:0,5,103,248,2013-6-3,50,17:13:0,T,2,226.00,44
2013-6-4,12:53:0,16,74,249,2013-6-1,2,12:41:0,F,3,499.00,142
2013-6-4,9:15:0,6,141,250,2013-6-1,20,5:26:0,T,1,300.00,25
2013-6-4,21:53:0,18,17,251,2013-6-3,15,23:12:0,T,2,214.00,136
2013-6-4,6:47:0,7,60,252,2013-6-1,6,17:3:0,T,3,292.00,149
2013-6-3,19:21:0,16,3,253,2013-6-2,3,23:32:0,F,1,307.00,52
2013-6-4,20:45:0,18,37,254,2013-6-2,45,16:45:0,F,2,299.00,149
2013-6-3,0:33:0,21,63,255,2013-6-1,5,17:23:0,T,1,398.00,90
2013-6-3,20:13:0,8,10,256,2013-6-2,31,19:27:0,T,1,495.00,137
2013-6-1,19:30:0,11,35,257,2013-6-1,0,12:33:0,F,3,282.00,60
2013-6-3,5:14:0,11,22,258,2013-6-3,21,3:38:0,T,1,263.00,50
2013-6-4,22:10:0,11,18,259,2013-6-2,33,7:8:0,T,3,349.00,3
2013-6-3,22:37:0,3,137,260,2013-6-1,10,2:19:0,F,1,316.00,135
2013-6-3,21:2:0,9,32,261,2013-6-3,40,0:42:0,T,3,458.00,111
2013-6-3,6:7:0,3,66,262,2013-6-2,2,21:54:0,T,3,282.00,45
2013-6-2,20:59:0,4,82,263,2013-6-1,49,10:5:0,T,3,472.00,118
2013-6-4,2:57:0,17,103,264,2013-6-1,13,13:18:0,T,2,363.00,43
2013-6-4,22:52:0,18,51,265,2013-6-3,0,19:51:0,T,3,383.00,85
2013-6-3,8:32:0,12,133,266,2013-6-1,13,21:49:0,T,1,451.00,68
2013-6-3,14:41:0,2,90,267,2013-6-3,2,13:36:0,T,1,429.00,125
2013-6-1,12:58:0,13,105,268,2013-6-1,33,2:4:0,F,1,426.00,87
2013-6-2,23:34:0,11,146,269,2013-6-1,31,4:25:0,T,3,211.00,130
2013-6-4,14:17:0,7,109,270,2013-6-2,50,17:8:0,T,3,255.00,74
2013-6-4,10:1:0,8,88,271,2013-6-2,47,21:11:0,F,1,419.00,140
2013-6-2,22:0:0,12,48,272,2013-6-2,24,1:40:0,F,2,222.00,35
2013-6-3,13:36:0,1,127,273,2013-6-3,32,4:28:0,F,1,200.00,10
2013-6-2,20:8:0,20,110,274,2013-6-1,46,19:54:0,T,3,492.00,57
2013-6-3,22:10:0,18,145,275,2013-6-1,49,22:8:0,T,1,476.00,48
2013-6-4,20:6:0,19,100,276,2013-6-1,44,1:23:0,T,3,414.00,62
2013-6-4,18:38:0,9,79,277,2013-6-3,20,16:2:0,F,2,220.00,119
2013-6-3,21:18:0,2,28,278,2013-6-2,35,15:20:0,F,2,302.00,100
2013-6-4,21:57:0,6,62,279,2013-6-3,15,15:27:0,F,3,473.00,78
2013-6-3,20:3:0,8,10,280,2013-6-1,16,21:29:0,F,2,407.00,98
2013-6-1,4:50:0,11,15,281,2013-6-1,42,1:10:0,F,1,307.00,41
2013-6-1,13:45:0,7,92,282,2013-6-1,5,7:37:0,T,1,306.00,137
2013-6-3,14:53:0,13,61,283,2013-6-1,14,22:3:0,T,3,258.00,122
2013-6-4,1:35:0,16,100,284,2013-6-3,50,15:25:0,T,1,476.00,21
2013-6-2,21:17:0,10,57,285,2013-6-2,14,13:40:0,T,1,350.00,38
2013-6-4,21:25:0,4,23,286,2013-6-3,25,12:7:0,T,3,276.00,109
2013-6-3,13:49:0,10,54,287,2013-6-1,2,10:25:0,T,3,279.00,46
2013-6-2,8:50:0,22,117,288,2013-6-1,22,4:2:0,F,3,484.00,98
2013-6-3,1:33:0,10,131,289,2013-6-2,29,19:40:0,F,2,342.00,124
2013-6-3,16:18:0,24,71,290,2013-6-2,23,15:29:0,F,1,205.00,58
2013-6-1,18:59:0,7,29,291,2013-6-1,31,5:21:0,T,3,391.00,106
2013-6-3,1:54:0,1,89,292,2013-6-2,41,7:6:0,T,3,490.00,131
2013-6-4,19:39:0,2,38,293,2013-6-2,31,1:32:0,T,3,297.00,94
2013-6-3,8:35:0,6,112,294,2013-6-3,20,2:32:0,F,2,435.00,62
2013-6-4,17:5:0,21,20,295,2013-6-1,8,5:43:0,F,3,312.00,86
2013-6-2,15:29:0,22,146,296,2013-6-1,23,22:15:0,F,1,343.00,116
2013-6-4,0:10:0,23,71,297,2013-6-1,11,1:35:0,F,1,372.00,40
2013-6-3,18:45:0,24,11,298,2013-6-3,38,3:6:0,T,1,207.00,78
2013-6-4,19:48:0,8,49,299,2013-6-3,1,21:39:0,T,3,484.00,81
2013-6-4,18:4:0,6,92,300,2013-6-2,15,11:51:0,T,3,364.00,127
2013-6-4,21:22:0,19,82,301,2013-6-1,17,23:45:0,T,2,356.00,53
2013-6-1,12:15:0,24,20,302,2013-6-1,10,0:42:0,F,1,278.00,134
2013-6-3,23:22:0,20,50,303,2013-6-2,4,18:43:0,F,1,251.00,68
2013-6-4,17:27:0,3,148,304,2013-6-1,33,18:23:0,F,1,483.00,124
2013-6-3,12:46:0,7,59,305,2013-6-1,40,11:56:0,T,2,479.00,100
2013-6-3,19:59:0,24,96,306,2013-6-2,21,18:33:0,T,3,422.00,112
2013-6-3,19:56:0,10,114,307,2013-6-2,13,23:31:0,F,2,256.00,86
2013-6-3,4:42:0,3,90,308,2013-6-1,37,20:26:0,F,2,432.00,25
2013-6-4,21:25:0,9,109,309,2013-6-2,20,17:7:0,F,3,460.00,24
2013-6-2,22:25:0,22,86,310,2013-6-2,42,4:39:0,F,1,222.00,143
2013-6-3,18:53:0,8,138,311,2013-6-1,37,12:37:0,T,3,403.00,72
2013-6-2,4:27:0,4,97,312,2013-6-1,29,6:57:0,T,3,450.00,149
2013-6-4,3:50:0,12,153,313,2013-6-1,19,2:18:0,F,2,429.00,64
2013-6-4,19:43:0,4,136,314,2013-6-3,45,10:21:0,F,2,311.00,29
2013-6-3,6:29:0,7,91,315,2013-6-1,45,22:1:0,F,2,384.00,65
2013-6-4,4:59:0,6,48,316,2013-6-2,32,23:44:0,T,3,388.00,121
2013-6-2,8:51:0,18,78,317,2013-6-1,29,2:30:0,T,2,458.00,98
2013-6-3,10:9:0,21,19,318,2013-6-2,3,1:0:0,F,1,416.00,111
2013-6-4,14:49:0,5,68,319,2013-6-2,39,20:5:0,T,1,326.00,114
2013-6-2,19:26:0,19,124,320,2013-6-1,31,20:46:0,T,3,315.00,11
2013-6-3,8:28:0,6,142,321,2013-6-2,23,9:4:0,T,2,404.00,75
2013-6-3,16:48:0,3,142,322,2013-6-3,40,0:47:0,T,3,483.00,44
2013-6-4,22:6:0,23,117,323,2013-6-3,44,12:8:0,F,2,331.00,72
2013-6-2,20:10:0,17,38,324,2013-6-1,42,3:40:0,F,1,232.00,110
2013-6-4,7:40:0,11,42,325,2013-6-1,8,5:25:0,F,3,368.00,25
2013-6-3,15:28:0,23,54,326,2013-6-3,30,6:27:0,T,3,318.00,134
2013-6-3,22:35:0,12,74,327,2013-6-1,23,13:23:0,F,1,444.00,111
2013-6-3,8:0:0,19,84,328,2013-6-1,20,18:18:0,F,2,328.00,148
2013-6-3,2:12:0,4,67,329,2013-6-2,17,8:40:0,T,2,469.00,97
2013-6-3,14:54:0,20,137,330,2013-6-2,38,10:33:0,F,2,303.00,126
2013-6-2,18:59:0,15,92,331,2013-6-1,11,21:53:0,T,3,378.00,19
2013-6-2,18:41:0,6,100,332,2013-6-2,35,6:14:0,F,1,237.00,152
2013-6-4,14:26:0,9,77,333,2013-6-3,44,6:8:0,T,1,232.00,84
2013-6-4,7:31:0,22,130,334,2013-6-3,10,17:27:0,T,1,329.00,142
2013-6-4,17:51:0,23,136,335,2013-6-3,21,7:7:0,F,3,377.00,121
2013-6-3,18:11:0,19,147,336,2013-6-1,34,12:39:0,T,1,443.00,34
2013-6-2,20:59:0,15,124,337,2013-6-1,17,20:20:0,F,2,277.00,69
2013-6-3,4:52:0,9,49,338,2013-6-1,12,13:43:0,T,2,256.00,119
2013-6-4,14:1:0,2,125,339,2013-6-3,1,21:50:0,F,3,453.00,140
2013-6-1,15:6:0,19,5,340,2013-6-1,46,8:58:0,F,2,264.00,41
2013-6-2,8:6:0,23,25,341,2013-6-1,37,14:29:0,F,2,424.00,140
2013-6-4,19:4:0,15,24,342,2013-6-3,12,10:32:0,F,3,292.00,111
2013-6-3,23:13:0,9,88,343,2013-6-1,6,1:57:0,F,3,401.00,130
2013-6-4,8:32:0,23,121,344,2013-6-1,1,12:3:0,F,3,332.00,15
2013-6-3,10:54:0,24,108,345,2013-6-1,14,23:52:0,T,1,486.00,118
2013-6-1,17:30:0,7,37,346,2013-6-1,13,0:31:0,F,1,389.00,20
2013-6-2,3:27:0,8,139,347,2013-6-1,36,1:17:0,T,1,264.00,15
2013-6-4,21:15:0,11,8,348,2013-6-3,41,21:1:0,F,3,303.00,24
2013-6-4,23:48:0,9,55,349,2013-6-2,49,0:12:0,F,1,470.00,83
2013-6-3,10:44:0,12,74,350,2013-6-3,8,9:54:0,T,1,308.00,24
2013-6-4,11:9:0,8,147,351,2013-6-1,45,5:43:0,T,3,202.00,121
2013-6-3,5:5:0,6,120,352,2013-6-2,24,4:55:0,T,1,404.00,122
2013-6-4,7:20:0,1,47,353,2013-6-3,6,23:51:0,T,1,216.00,75
2013-6-3,12:23:0,13,51,354,2013-6-1,6,7:42:0,T,3,273.00,110
2013-6-4,11:30:0,10,85,355,2013-6-3,2,8:4:0,F,1,454.00,39
2013-6-4,1:31:0,13,123,356,2013-6-2,2,11:46:0,F,1,216.00,76
2013-6-4,12:26:0,10,25,357,2013-6-1,6,23:16:0,T,2,327.00,52
2013-6-4,9:20:0,13,145,358,2013-6-3,20,18:16:0,T,3,427.00,78
2013-6-2,7:5:0,2,2,359,2013-6-1,20,5:21:0,T,3,384.00,133
2013-6-3,5:36:0,18,92,360,2013-6-1,19,20:51:0,F,3,483.00,8
2013-6-2,15:43:0,9,117,361,2013-6-1,17,2:50:0,F,1,264.00,26
2013-6-4,15:15:0,22,151,362,2013-6-3,8,20:42:0,F,1,247.00,141
2013-6-4,20:0:0,9,64,363,2013-6-2,10,19:30:0,F,1,312.00,45
2013-6-4,20:1:0,1,11,364,2013-6-1,32,3:8:0,F,3,487.00,47
2013-6-2,13:39:0,22,58,365,2013-6-2,7,1:44:0,F,2,266.00,87
2013-6-3,22:4:0,18,44,366,2013-6-1,36,6:28:0,F,2,465.00,17
2013-6-3,15:14:0,10,51,367,2013-6-2,0,8:31:0,T,1,446.00,89
2013-6-3,9:32:0,24,16,368,2013-6-3,1,4:45:0,T,1,491.00,56
2013-6-3,13:58:0,8,23,369,2013-6-3,6,9:9:0,F,1,329.00,101
2013-6-4,7:40:0,10,37,370,2013-6-1,15,21:17:0,T,1,387.00,70
2013-6-4,16:33:0,20,64,371,2013-6-3,41,19:36:0,T,2,482.00,27
2013-6-2,4:31:0,9,39,372,2013-6-1,24,16:54:0,T,1,279.00,76
2013-6-3,1:37:0,17,87,373,2013-6-2,23,15:16:0,F,2,432.00,134
2013-6-4,7:34:0,21,68,374,2013-6-3,38,11:54:0,F,2,409.00,56
2013-6-4,9:37:0,19,98,375,2013-6-2,5,5:45:0,T,1,310.00,86
2013-6-1,20:6:0,8,77,376,2013-6-1,25,8:51:0,T,2,203.00,30
2013-6-4,13:10:0,14,6,377,2013-6-2,42,5:32:0,F,2,392.00,107
2013-6-4,7:56:0,1,16,378,2013-6-2,50,13:5:0,T,1,230.00,89
2013-6-1,17:9:0,16,30,379,2013-6-1,48,8:13:0,T,2,446.00,72
2013-6-4,22:58:0,10,127,380,2013-6-1,43,17:53:0,T,3,374.00,118
2013-6-2,13:29:0,12,93,381,2013-6-1,24,16:7:0,F,1,465.00,20
2013-6-4,10:43:0,13,134,382,2013-6-1,32,23:32:0,F,3,367.00,115
2013-6-3,10:30:0,5,152,383,2013-6-3,12,8:25:0,F,2,488.00,151
2013-6-4,5:30:0,5,92,384,2013-6-3,22,14:58:0,F,1,294.00,12
2013-6-3,3:47:0,23,19,385,2013-6-1,25,7:46:0,T,2,295.00,96
2013-6-4,19:26:0,8,56,386,2013-6-2,47,2:54:0,F,3,341.00,131
2013-6-4,7:2:0,14,75,387,2013-6-3,27,22:7:0,T,2,420.00,23
2013-6-3,13:37:0,1,58,388,2013-6-1,14,1:32:0,T,2,321.00,88
2013-6-2,19:15:0,4,69,389,2013-6-2,1,7:9:0,T,3,236.00,56
2013-6-1,22:23:0,17,56,390,2013-6-1,26,20:58:0,T,3,294.00,100
2013-6-4,14:35:0,18,43,391,2013-6-1,22,2:28:0,T,2,346.00,107
2013-6-4,13:6:0,20,97,392,2013-6-2,2,11:14:0,F,3,342.00,2
2013-6-2,13:43:0,13,62,393,2013-6-2,32,9:15:0,T,2,202.00,41
2013-6-3,8:1:0,9,100,394,2013-6-2,28,8:18:0,T,1,221.00,128
2013-6-3,23:46:0,12,93,395,2013-6-2,4,5:34:0,T,3,284.00,140
2013-6-2,16:41:0,3,109,396,2013-6-2,38,14:58:0,T,2,260.00,78
2013-6-4,16:40:0,23,11,397,2013-6-1,14,1:39:0,F,3,302.00,97
2013-6-2,9:38:0,11,37,398,2013-6-1,48,23:14:0,T,1,278.00,80
2013-6-4,13:45:0,5,42,399,2013-6-1,35,16:20:0,F,1,234.00,54
2013-6-4,19:1:0,6,40,400,2013-6-2,31,15:51:0,F,2,227.00,105
2013-6-2,19:12:0,18,118,401,2013-6-2,20,14:45:0,T,1,372.00,122
2013-6-3,7:18:0,16,5,402,2013-6-1,50,19:8:0,F,2,256.00,59
2013-6-4,18:21:0,14,143,403,2013-6-3,19,7:35:0,F,2,219.00,92
2013-6-3,2:26:0,2,90,404,2013-6-2,39,15:19:0,T,3,228.00,43
2013-6-4,3:19:0,9,118,405,2013-6-1,6,19:25:0,F,1,248.00,39
2013-6-4,16:44:0,18,14,406,2013-6-3,44,20:52:0,T,1,207.00,88
2013-6-2,16:34:0,7,63,407,2013-6-2,46,4:47:0,F,1,251.00,86
2013-6-4,13:32:0,8,59,408,2013-6-3,10,19:46:0,F,3,330.00,29
2013-6-1,18:17:0,22,30,409,2013-6-1,47,13:51:0,F,3,274.00,13
2013-6-3,12:12:0,17,89,410,2013-6-2,33,3:28:0,F,3,346.00,59
2013-6-3,0:47:0,22,103,411,2013-6-1,15,16:22:0,F,3,209.00,99
2013-6-3,5:17:0,13,110,412,2013-6-1,15,5:12:0,T,3,267.00,126
2013-6-3,6:22:0,6,97,413,2013-6-2,35,7:34:0,F,2,404.00,31
2013-6-4,6:46:0,15,126,414,2013-6-2,20,0:40:0,T,2,416.00,3
2013-6-4,16:49:0,22,68,415,2013-6-1,20,13:43:0,T,1,247.00,51
2013-6-2,14:51:0,2,86,416,2013-6-2,12,5:11:0,F,1,363.00,74
2013-6-2,13:45:0,20,79,417,2013-6-2,17,4:10:0,T,2,368.00,46
2013-6-2,15:49:0,13,127,418,2013-6-1,32,17:10:0,F,1,283.00,94
2013-6-4,7:41:0,12,129,419,2013-6-2,12,15:14:0,T,2,377.00,34
2013-6-3,19:14:0,19,128,420,2013-6-1,17,10:58:0,F,1,305.00,64
2013-6-2,20:51:0,22,98,421,2013-6-1,28,12:54:0,T,1,347.00,147
2013-6-2,3:25:0,21,48,422,2013-6-1,38,6:47:0,T,1,282.00,30
2013-6-4,5:15:0,10,25,423,2013-6-3,47,3:13:0,F,2,308.00,74
2013-6-3,7:56:0,11,39,424,2013-6-3,11,0:43:0,F,1,385.00,22
2013-6-3,15:33:0,4,59,425,2013-6-1,45,23:52:0,T,3,242.00,26
2013-6-2,18:40:0,13,149,426,2013-6-1,30,22:3:0,F,3,242.00,121
2013-6-4,19:5:0,11,28,427,2013-6-1,49,18:48:0,T,3,303.00,9
2013-6-3,8:22:0,16,85,428,2013-6-2,36,10:30:0,T,2,295.00,56
2013-6-4,0:42:0,16,62,429,2013-6-1,15,22:18:0,T,1,453.00,5
2013-6-4,14:18:0,21,13,430,2013-6-3,19,14:10:0,T,3,480.00,29
2013-6-2,9:42:0,16,84,431,2013-6-1,33,20:11:0,T,3,345.00,31
2013-6-4,6:20:0,16,109,432,2013-6-1,16,16:54:0,T,2,354.00,154
2013-6-4,22:59:0,19,109,433,2013-6-1,45,1:18:0,F,3,230.00,58
2013-6-3,14:12:0,8,55,434,2013-6-3,12,6:30:0,T,3,382.00,32
2013-6-3,3:54:0,15,78,435,2013-6-2,7,13:47:0,T,3,417.00,11
2013-6-2,1:46:0,10,103,436,2013-6-1,14,9:18:0,F,2,389.00,70
2013-6-2,3:5:0,1,31,437,2013-6-1,33,16:47:0,T,2,337.00,143
2013-6-2,14:39:0,21,118,438,2013-6-1,37,11:10:0,T,1,237.00,154
2013-6-4,0:28:0,7,12,439,2013-6-3,19,23:48:0,T,3,208.00,144
2013-6-3,16:41:0,22,61,440,2013-6-1,43,10:58:0,F,1,379.00,98
2013-6-2,19:43:0,22,69,441,2013-6-1,7,12:16:0,T,1,231.00,149
2013-6-2,22:39:0,14,91,442,2013-6-2,42,13:0:0,F,1,375.00,71
2013-6-4,4:54:0,13,75,443,2013-6-1,8,14:50:0,F,2,455.00,36
2013-6-4,6:4:0,7,23,444,2013-6-3,26,17:42:0,T,3,497.00,127
2013-6-4,18:37:0,17,139,445,2013-6-2,3,21:46:0,T,1,497.00,82
2013-6-3,17:29:0,19,102,446,2013-6-2,16,8:47:0,T,2,425.00,15
2013-6-2,18:11:0,5,16,447,2013-6-2,14,1:19:0,F,3,269.00,43
2013-6-4,2:18:0,3,46,448,2013-6-1,8,10:52:0,F,3,298.00,151
2013-6-2,13:21:0,13,4,449,2013-6-1,16,23:47:0,T,3,484.00,53
2013-6-4,2:53:0,16,142,450,2013-6-1,48,12:36:0,T,3,259.00,45
2013-6-2,2:49:0,24,55,451,2013-6-2,25,1:56:0,F,1,217.00,3
2013-6-4,1:3:0,9,17,452,2013-6-2,31,0:47:0,T,3,287.00,144
2013-6-1,23:44:0,5,125,453,2013-6-1,31,16:38:0,T,2,454.00,136
2013-6-4,14:5:0,22,57,454,2013-6-3,45,6:14:0,F,2,215.00,82
2013-6-4,0:6:0,7,16,455,2013-6-3,29,11:37:0,F,1,407.00,90
2013-6-3,15:28:0,11,20,456,2013-6-2,18,17:11:0,T,2,389.00,71
2013-6-4,18:39:0,10,98,457,2013-6-1,4,21:38:0,F,1,392.00,60
2013-6-3,1:31:0,4,96,458,2013-6-2,4,3:8:0,T,2,312.00,77
2013-6-4,21:27:0,9,10,459,2013-6-1,20,5:23:0,T,3,488.00,20
2013-6-4,6:51:0,11,58,460,2013-6-2,39,8:46:0,F,2,335.00,6
2013-6-3,2:33:0,13,116,461,2013-6-1,8,8:37:0,F,3,480.00,108
2013-6-2,16:22:0,12,75,462,2013-6-2,32,11:16:0,T,1,382.00,15
2013-6-4,22:13:0,13,88,463,2013-6-2,33,23:53:0,F,3,336.00,85
2013-6-4,4:46:0,21,141,464,2013-6-2,6,11:30:0,T,3,321.00,82
2013-6-4,1:52:0,2,101,465,2013-6-3,35,3:34:0,F,3,343.00,54
2013-6-2,13:34:0,20,153,466,2013-6-1,8,1:55:0,T,3,217.00,128
2013-6-4,23:30:0,16,75,467,2013-6-1,11,13:32:0,F,3,467.00,100
2013-6-3,17:2:0,3,53,468,2013-6-3,20,9:19:0,F,2,203.00,93
2013-6-2,4:35:0,12,128,469,2013-6-1,25,1:30:0,T,2,315.00,86
2013-6-4,7:28:0,11,16,470,2013-6-2,18,0:48:0,F,1,455.00,27
2013-6-2,11:37:0,9,5,471,2013-6-1,23,22:49:0,F,2,499.00,84
2013-6-3,22:39:0,15,65,472,2013-6-3,49,17:45:0,F,3,400.00,71
2013-6-3,8:43:0,11,54,473,2013-6-1,34,20:3:0,T,2,315.00,95
2013-6-3,2:14:0,12,132,474,2013-6-2,9,13:29:0,F,2,398.00,140
2013-6-2,16:7:0,7,60,475,2013-6-1,34,18:38:0,F,1,408.00,154
2013-6-3,15:0:0,13,7,476,2013-6-1,49,4:57:0,T,1,372.00,142
2013-6-3,20:39:0,8,71,477,2013-6-2,21,23:28:0,F,3,329.00,132
2013-6-4,23:16:0,10,89,478,2013-6-3,50,3:55:0,T,3,215.00,18
2013-6-3,17:9:0,10,62,479,2013-6-2,30,0:45:0,F,2,461.00,73
2013-6-3,17:24:0,23,65,480,2013-6-3,23,12:36:0,F,2,409.00,63
2013-6-2,9:24:0,16,94,481,2013-6-1,14,11:7:0,F,3,442.00,114
2013-6-3,15:1:0,7,66,482,2013-6-1,28,7:29:0,F,1,303.00,28
2013-6-2,4:34:0,8,42,483,2013-6-1,18,16:37:0,T,2,324.00,95
2013-6-1,9:11:0,14,47,484,2013-6-1,28,7:54:0,T,1,438.00,52
2013-6-1,13:24:0,19,86,485,2013-6-1,1,2:37:0,F,1,275.00,3
2013-6-2,11:30:0,17,97,486,2013-6-2,24,0:18:0,F,2,262.00,125
2013-6-1,16:53:0,15,30,487,2013-6-1,32,11:29:0,T,2,490.00,113
2013-6-4,21:39:0,4,84,488,2013-6-1,9,16:39:0,T,3,378.00,128
2013-6-3,19:16:0,9,124,489,2013-6-2,50,3:53:0,F,3,257.00,154
2013-6-3,16:19:0,6,121,490,2013-6-2,23,18:26:0,F,1,221.00,137
2013-6-2,20:36:0,1,138,491,2013-6-1,47,22:30:0,T,2,296.00,15
2013-6-3,9:28:0,24,20,492,2013-6-1,49,3:51:0,F,1,406.00,58
2013-6-4,16:0:0,1,18,493,2013-6-3,38,13:8:0,T,3,315.00,6
2013-6-4,1:46:0,4,108,494,2013-6-3,16,0:3:0,T,3,380.00,143
2013-6-2,19:23:0,20,75,495,2013-6-2,22,17:11:0,T,3,223.00,50
2013-6-4,2:28:0,24,145,496,2013-6-3,15,18:25:0,F,2,329.00,97
2013-6-2,7:28:0,17,51,497,2013-6-2,16,0:30:0,T,2,435.00,72
2013-6-2,5:48:0,24,73,498,2013-6-2,41,0:0:0,T,2,426.00,136
2013-6-4,3:32:0,13,132,499,2013-6-2,34,20:27:0,F,2,257.00,94
2013-6-2,0:48:0,3,52,500,2013-6-1,50,4:53:0,T,1,266.00,59
2013-6-3,11:18:0,6,6,501,2013-6-3,37,5:43:0,T,3,263.00,70
2013-6-2,13:41:0,10,13,502,2013-6-1,44,14:47:0,F,3,282.00,143
2013-6-2,19:49:0,8,19,503,2013-6-1,16,0:5:0,T,2,268.00,150
2013-6-4,0:44:0,6,108,504,2013-6-2,32,6:55:0,T,1,382.00,100
2013-6-4,4:33:0,4,98,505,2013-6-3,2,17:37:0,T,1,329.00,74
2013-6-1,22:59:0,11,26,506,2013-6-1,5,14:26:0,F,3,493.00,22
2013-6-4,10:12:0,9,63,507,2013-6-1,30,11:37:0,F,3,419.00,25
2013-6-2,16:51:0,1,27,508,2013-6-2,25,0:45:0,T,1,447.00,30
2013-6-4,2:29:0,20,34,509,2013-6-3,38,12:47:0,T,3,244.00,109
2013-6-1,14:37:0,10,41,510,2013-6-1,29,9:47:0,T,3,394.00,115
2013-6-3,2:46:0,10,110,511,2013-6-2,2,3:32:0,T,1,239.00,57
2013-6-4,22:20:0,12,83,512,2013-6-3,9,8:6:0,F,3,451.00,127
2013-6-2,18:17:0,24,27,513,2013-6-2,2,16:51:0,T,2,322.00,104
2013-6-4,4:5:0,3,53,514,2013-6-2,50,0:49:0,T,3,324.00,19
2013-6-4,9:17:0,12,13,515,2013-6-1,40,2:18:0,F,2,357.00,81
2013-6-2,17:35:0,5,63,516,2013-6-2,21,10:13:0,F,2,456.00,107
2013-6-2,4:45:0,5,6,517,2013-6-1,23,9:41:0,F,1,268.00,149
2013-6-3,14:25:0,3,93,518,2013-6-2,21,20:19:0,T,1,484.00,138
2013-6-4,6:33:0,9,15,519,2013-6-3,18,20:23:0,T,2,234.00,7
2013-6-3,20:32:0,21,117,520,2013-6-3,14,1:10:0,T,3,345.00,100
2013-6-3,21:4:0,21,107,521,2013-6-2,41,20:14:0,F,2,404.00,128
2013-6-4,15:39:0,14,113,522,2013-6-2,26,5:38:0,F,2,486.00,83
2013-6-3,18:17:0,6,110,523,2013-6-1,1,23:32:0,T,1,453.00,26
2013-6-3,13:22:0,23,35,524,2013-6-2,28,23:13:0,F,2,255.00,13
2013-6-2,13:11:0,11,115,525,2013-6-1,21,20:40:0,T,3,374.00,116
2013-6-2,22:48:0,17,30,526,2013-6-1,45,17:6:0,F,1,303.00,5
2013-6-4,19:22:0,21,69,527,2013-6-2,34,8:56:0,F,3,472.00,96
2013-6-2,18:32:0,8,66,528,2013-6-1,49,12:36:0,T,2,322.00,72
2013-6-4,2:21:0,13,121,529,2013-6-1,19,4:33:0,F,2,362.00,92
2013-6-4,20:1:0,16,109,530,2013-6-1,0,15:2:0,T,2,360.00,107
2013-6-4,11:52:0,12,140,531,2013-6-1,15,12:39:0,F,3,301.00,106
2013-6-3,16:23:0,24,21,532,2013-6-3,40,13:27:0,F,1,204.00,79
2013-6-4,17:58:0,16,106,533,2013-6-1,31,1:53:0,T,3,480.00,59
2013-6-4,22:45:0,20,128,534,2013-6-1,43,4:57:0,T,1,298.00,79
2013-6-3,16:22:0,22,72,535,2013-6-2,0,9:58:0,T,3,418.00,4
2013-6-2,8:23:0,24,154,536,2013-6-1,25,13:20:0,T,3,425.00,8
2013-6-4,10:6:0,15,76,537,2013-6-2,5,9:6:0,T,3,498.00,127
2013-6-4,21:7:0,2,148,538,2013-6-2,38,21:23:0,T,3,446.00,147
2013-6-4,9:21:0,18,113,539,2013-6-2,12,12:27:0,T,1,449.00,146
2013-6-2,14:58:0,1,18,540,2013-6-1,8,23:39:0,F,2,439.00,145
2013-6-2,23:31:0,21,63,541,2013-6-2,27,22:52:0,T,3,400.00,13
2013-6-4,3:58:0,6,86,542,2013-6-1,16,9:8:0,T,3,282.00,88
2013-6-2,2:13:0,15,75,543,2013-6-1,37,0:13:0,F,3,456.00,80
2013-6-4,16:17:0,7,147,544,2013-6-1,35,18:18:0,F,1,455.00,119
2013-6-4,1:50:0,20,31,545,2013-6-2,47,4:19:0,F,1,402.00,113
2013-6-3,13:34:0,18,67,546,2013-6-2,29,17:16:0,T,3,499.00,36
2013-6-2,1:53:0,6,24,547,2013-6-1,2,2:10:0,F,1,227.00,100
2013-6-3,4:56:0,17,52,548,2013-6-1,42,3:12:0,F,2,424.00,35
2013-6-4,6:34:0,20,39,549,2013-6-1,16,11:46:0,T,2,453.00,7
2013-6-3,1:32:0,10,86,550,2013-6-1,0,18:32:0,T,3,209.00,8
2013-6-4,4:41:0,15,102,551,2013-6-1,24,9:1:0,F,3,208.00,127
2013-6-3,22:30:0,11,146,552,2013-6-2,14,3:0:0,F,1,441.00,44
2013-6-1,23:57:0,18,114,553,2013-6-1,3,6:36:0,T,1,318.00,130
2013-6-3,20:56:0,24,133,554,2013-6-2,2,16:28:0,F,2,420.00,66
2013-6-1,23:27:0,9,19,555,2013-6-1,47,9:28:0,T,2,474.00,131
2013-6-2,7:40:0,5,111,556,2013-6-1,21,0:49:0,T,2,246.00,54
2013-6-3,17:49:0,12,22,557,2013-6-3,18,12:29:0,T,3,253.00,13
2013-6-4,12:13:0,7,62,558,2013-6-3,1,16:10:0,T,2,275.00,73
2013-6-3,22:24:0,21,144,559,2013-6-1,40,22:47:0,T,2,281.00,83
2013-6-2,19:33:0,22,37,560,2013-6-2,48,16:46:0,F,3,353.00,43
2013-6-2,19:29:0,24,127,561,2013-6-1,5,11:12:0,T,3,486.00,98
2013-6-2,12:26:0,15,23,562,2013-6-2,35,8:11:0,F,2,479.00,47
2013-6-2,1:31:0,15,90,563,2013-6-1,0,17:7:0,T,2,257.00,51
2013-6-3,21:0:0,18,72,564,2013-6-3,46,11:10:0,F,1,477.00,43
2013-6-2,12:53:0,13,133,565,2013-6-2,40,4:50:0,F,3,309.00,123
2013-6-2,9:47:0,6,95,566,2013-6-1,10,2:54:0,F,3,326.00,109
2013-6-3,12:40:0,3,63,567,2013-6-2,23,21:49:0,F,1,356.00,41
2013-6-4,2:28:0,9,68,568,2013-6-3,10,17:17:0,F,3,282.00,47
2013-6-4,6:39:0,19,138,569,2013-6-3,23,2:11:0,T,1,319.00,64
2013-6-3,23:58:0,17,84,570,2013-6-3,48,2:12:0,T,1,418.00,14
2013-6-3,20:22:0,17,134,571,2013-6-1,45,12:31:0,F,3,207.00,154
2013-6-3,20:37:0,22,145,572,2013-6-1,18,8:9:0,T,2,258.00,63
2013-6-3,12:11:0,11,125,573,2013-6-3,30,11:11:0,F,3,375.00,150
2013-6-4,17:26:0,3,146,574,2013-6-3,16,1:31:0,T,2,393.00,64
2013-6-3,5:9:0,3,71,575,2013-6-1,32,7:27:0,F,2,442.00,133
2013-6-2,15:6:0,24,79,576,2013-6-1,37,6:50:0,T,3,241.00,153
2013-6-3,4:21:0,3,94,577,2013-6-2,29,21:54:0,F,2,286.00,102
2013-6-2,17:41:0,22,63,578,2013-6-2,30,10:5:0,T,3,454.00,31
2013-6-4,0:57:0,1,32,579,2013-6-3,28,9:54:0,F,2,255.00,50
2013-6-3,6:51:0,14,74,580,2013-6-2,18,18:37:0,F,1,491.00,16
2013-6-3,14:27:0,6,40,581,2013-6-1,1,20:5:0,T,3,232.00,108
2013-6-4,18:47:0,21,40,582,2013-6-2,48,8:19:0,F,3,497.00,47
2013-6-3,6:36:0,17,109,583,2013-6-1,49,7:18:0,T,1,230.00,24
2013-6-4,1:41:0,21,114,584,2013-6-1,4,2:18:0,T,3,330.00,58
2013-6-2,12:19:0,20,123,585,2013-6-2,13,4:7:0,T,2,249.00,102
2013-6-4,5:3:0,10,42,586,2013-6-3,31,23:54:0,T,2,294.00,68
2013-6-4,4:41:0,21,128,587,2013-6-1,3,0:33:0,F,1,319.00,143
2013-6-4,7:19:0,20,9,588,2013-6-3,44,11:11:0,F,2,486.00,5
2013-6-4,11:18:0,2,64,589,2013-6-3,30,18:30:0,T,3,295.00,5
2013-6-4,3:49:0,4,122,590,2013-6-3,21,23:18:0,T,3,365.00,25
2013-6-4,7:54:0,3,88,591,2013-6-3,28,11:35:0,F,3,333.00,154
2013-6-4,11:5:0,11,31,592,2013-6-3,21,21:8:0,F,1,411.00,66
2013-6-4,15:49:0,15,21,593,2013-6-2,45,15:24:0,T,1,252.00,127
2013-6-2,23:10:0,2,4,594,2013-6-2,39,22:4:0,F,2,423.00,97
2013-6-4,12:3:0,24,102,595,2013-6-3,15,23:29:0,F,2,220.00,49
2013-6-3,5:13:0,15,15,596,2013-6-2,18,4:32:0,T,1,282.00,6
2013-6-2,22:11:0,20,150,597,2013-6-2,20,21:36:0,T,1,223.00,93
2013-6-4,5:55:0,22,126,598,2013-6-3,42,8:55:0,F,2,258.00,73
2013-6-3,14:20:0,1,87,599,2013-6-2,3,4:45:0,F,3,227.00,119
2013-6-4,7:16:0,21,48,600,2013-6-2,31,13:26:0,T,1,444.00,67
2013-6-3,0:8:0,5,103,601,2013-6-1,28,12:35:0,T,2,360.00,33
2013-6-3,12:31:0,13,152,602,2013-6-3,10,11:49:0,F,1,251.00,5
2013-6-3,20:42:0,19,144,603,2013-6-2,14,7:13:0,T,1,330.00,110
2013-6-1,15:56:0,24,131,604,2013-6-1,5,3:16:0,F,3,428.00,68
2013-6-4,1:31:0,14,89,605,2013-6-1,18,0:33:0,F,3,215.00,51
2013-6-1,7:7:0,13,132,606,2013-6-1,44,4:20:0,T,1,282.00,5
2013-6-3,10:50:0,19,147,607,2013-6-3,29,5:40:0,F,1,232.00,110
2013-6-3,15:8:0,21,123,608,2013-6-1,46,9:38:0,F,2,243.00,34
2013-6-2,18:1:0,18,20,609,2013-6-1,20,19:30:0,T,3,200.00,33
2013-6-3,6:46:0,13,13,610,2013-6-1,34,15:22:0,F,1,442.00,148
2013-6-2,16:35:0,22,80,611,2013-6-1,0,11:42:0,F,3,344.00,1
2013-6-2,9:47:0,11,48,612,2013-6-1,23,7:45:0,T,3,330.00,90
2013-6-3,7:29:0,20,91,613,2013-6-3,36,3:58:0,T,3,402.00,102
2013-6-2,21:18:0,20,114,614,2013-6-1,41,20:26:0,F,1,323.00,68
2013-6-3,19:52:0,5,22,615,2013-6-1,2,17:20:0,T,2,352.00,67
2013-6-2,16:28:0,4,135,616,2013-6-1,33,10:47:0,F,3,454.00,58
2013-6-1,8:6:0,21,33,617,2013-6-1,36,6:17:0,T,1,402.00,12
2013-6-3,14:34:0,11,7,618,2013-6-2,20,18:48:0,T,1,414.00,129
2013-6-4,1:57:0,7,9,619,2013-6-3,14,18:19:0,F,3,306.00,28
2013-6-2,6:55:0,17,71,620,2013-6-1,19,18:39:0,F,3,428.00,24
2013-6-4,16:44:0,23,25,621,2013-6-1,35,0:9:0,F,3,247.00,88
2013-6-4,5:22:0,17,143,622,2013-6-3,17,21:44:0,T,3,429.00,97
2013-6-3,10:16:0,10,117,623,2013-6-2,21,22:53:0,F,2,452.00,56
2013-6-4,20:11:0,20,45,624,2013-6-3,21,4:57:0,T,3,405.00,75
2013-6-3,23:43:0,17,66,625,2013-6-3,31,10:16:0,F,3,395.00,78
2013-6-1,22:16:0,4,121,626,2013-6-1,42,20:23:0,F,1,495.00,67
2013-6-2,4:50:0,1,66,627,2013-6-1,10,6:26:0,F,2,235.00,102
2013-6-2,11:43:0,19,82,628,2013-6-1,39,16:56:0,F,2,460.00,68
2013-6-4,21:49:0,24,82,629,2013-6-3,39,16:17:0,T,1,361.00,144
2013-6-2,13:10:0,5,69,630,2013-6-1,0,1:55:0,T,3,265.00,73
2013-6-2,22:59:0,11,76,631,2013-6-2,26,12:46:0,F,2,202.00,117
2013-6-4,6:51:0,3,2,632,2013-6-1,47,11:23:0,T,3,269.00,39
2013-6-4,9:24:0,20,77,633,2013-6-3,27,14:46:0,T,3,343.00,144
2013-6-3,20:7:0,5,118,634,2013-6-2,5,22:26:0,F,2,456.00,61
2013-6-3,7:42:0,23,90,635,2013-6-2,10,16:21:0,T,1,387.00,107
2013-6-4,23:31:0,1,19,636,2013-6-1,12,12:47:0,T,2,263.00,86
2013-6-4,3:55:0,11,26,637,2013-6-2,42,14:58:0,T,2,458.00,1
2013-6-4,11:0:0,8,9,638,2013-6-2,12,22:0:0,T,2,285.00,54
2013-6-4,2:56:0,16,111,639,2013-6-2,38,0:43:0,T,3,334.00,143
2013-6-4,7:13:0,12,82,640,2013-6-3,0,13:6:0,F,1,333.00,38
2013-6-3,23:12:0,10,139,641,2013-6-2,33,20:45:0,T,3,256.00,43
2013-6-2,11:40:0,13,28,642,2013-6-2,44,7:12:0,F,3,210.00,14
2013-6-4,16:29:0,13,104,643,2013-6-3,41,12:56:0,F,3,359.00,123
2013-6-3,19:48:0,12,134,644,2013-6-3,23,1:56:0,F,1,410.00,141
2013-6-4,3:45:0,20,31,645,2013-6-3,0,6:20:0,F,1,316.00,56
2013-6-4,3:21:0,2,78,646,2013-6-1,37,21:21:0,F,3,321.00,79
2013-6-4,21:7:0,6,29,647,2013-6-3,48,16:24:0,F,3,250.00,100
2013-6-4,18:52:0,17,114,648,2013-6-3,30,10:48:0,F,2,360.00,67
2013-6-2,23:34:0,7,71,649,2013-6-2,13,21:29:0,F,2,338.00,97
2013-6-4,0:25:0,17,32,650,2013-6-3,48,9:59:0,F,3,344.00,117
2013-6-2,5:35:0,15,74,651,2013-6-1,40,18:27:0,T,1,355.00,49
2013-6-4,2:52:0,6,114,652,2013-6-2,13,11:24:0,T,3,255.00,51
2013-6-2,3:43:0,21,107,653,2013-6-1,38,18:49:0,T,3,347.00,45
2013-6-3,22:51:0,8,130,654,2013-6-2,23,7:51:0,F,2,417.00,8
2013-6-4,15:5:0,12,126,655,2013-6-3,2,22:48:0,T,1,377.00,24
2013-6-3,14:5:0,21,83,656,2013-6-2,0,8:33:0,F,1,230.00,129
2013-6-4,4:2:0,12,122,657,2013-6-1,15,9:43:0,T,1,347.00,36
2013-6-3,21:29:0,16,92,658,2013-6-3,46,13:13:0,F,3,271.00,141
2013-6-4,1:11:0,5,119,659,2013-6-3,6,7:44:0,F,2,291.00,77
2013-6-3,9:5:0,8,25,660,2013-6-2,49,8:50:0,T,2,442.00,121
2013-6-3,21:3:0,21,69,661,2013-6-2,14,5:25:0,T,1,319.00,80
2013-6-4,17:39:0,3,30,662,2013-6-2,16,19:50:0,F,2,269.00,105
2013-6-4,19:33:0,17,10,663,2013-6-1,41,13:43:0,T,3,478.00,124
2013-6-3,9:3:0,2,41,664,2013-6-1,6,0:58:0,T,1,384.00,128
2013-6-4,13:59:0,24,44,665,2013-6-2,33,5:36:0,T,1,487.00,40
2013-6-4,11:49:0,4,1,666,2013-6-2,29,1:27:0,T,3,496.00,18
2013-6-1,20:30:0,24,99,667,2013-6-1,22,10:50:0,F,3,377.00,46
2013-6-3,6:8:0,9,33,668,2013-6-2,35,16:12:0,T,1,354.00,69
2013-6-4,17:18:0,19,13,669,2013-6-3,44,14:35:0,F,2,203.00,114
2013-6-3,0:20:0,2,77,670,2013-6-2,7,10:4:0,F,3,489.00,66
2013-6-3,15:19:0,21,16,671,2013-6-1,42,23:45:0,F,3,407.00,96
2013-6-2,17:10:0,16,106,672,2013-6-1,27,11:0:0,T,3,272.00,13
2013-6-2,8:45:0,22,79,673,2013-6-1,12,7:24:0,F,1,457.00,73
2013-6-3,21:24:0,2,68,674,2013-6-3,45,9:20:0,F,3,436.00,6
2013-6-2,1:4:0,7,142,675,2013-6-1,49,17:8:0,T,2,386.00,128
2013-6-2,18:46:0,3,131,676,2013-6-1,22,8:1:0,F,3,454.00,46
2013-6-1,14:1:0,14,80,677,2013-6-1,42,1:3:0,F,1,244.00,150
2013-6-4,16:5:0,15,123,678,2013-6-2,7,21:30:0,T,1,267.00,94
2013-6-3,3:19:0,1,124,679,2013-6-2,27,8:57:0,T,2,344.00,113
2013-6-4,2:12:0,17,26,680,2013-6-3,1,21:46:0,T,1,235.00,44
2013-6-1,21:55:0,1,97,681,2013-6-1,7,20:43:0,T,2,300.00,145
2013-6-3,1:9:0,6,137,682,2013-6-1,22,20:3:0,F,1,395.00,84
2013-6-2,11:47:0,12,25,683,2013-6-1,12,23:59:0,F,1,458.00,96
2013-6-2,21:17:0,19,106,684,2013-6-2,24,19:58:0,T,3,413.00,10
2013-6-4,11:30:0,20,40,685,2013-6-3,45,10:13:0,F,1,360.00,121
2013-6-4,12:41:0,19,83,686,2013-6-2,20,14:12:0,F,3,370.00,122
2013-6-4,17:15:0,7,113,687,2013-6-3,36,5:0:0,F,3,309.00,3
2013-6-3,13:51:0,14,125,688,2013-6-1,29,2:36:0,T,3,408.00,153
2013-6-3,13:58:0,22,154,689,2013-6-1,8,20:57:0,T,2,343.00,110
2013-6-4,10:13:0,18,10,690,2013-6-3,35,21:59:0,F,3,364.00,50
2013-6-3,13:59:0,10,118,691,2013-6-3,47,0:35:0,T,3,219.00,42
2013-6-4,6:33:0,11,85,692,2013-6-3,33,19:41:0,T,3,462.00,92
2013-6-4,22:55:0,23,62,693,2013-6-2,7,4:42:0,T,1,216.00,75
2013-6-4,21:28:0,23,121,694,2013-6-2,0,16:49:0,F,2,443.00,144
2013-6-3,16:50:0,4,63,695,2013-6-2,43,14:42:0,T,2,303.00,129
2013-6-1,16:49:0,1,119,696,2013-6-1,34,15:4:0,F,1,387.00,38
2013-6-3,4:40:0,15,124,697,2013-6-2,25,1:33:0,F,2,429.00,136
2013-6-3,12:59:0,22,59,698,2013-6-2,37,8:15:0,T,3,455.00,91
2013-6-2,20:0:0,20,104,699,2013-6-2,12,10:26:0,T,1,370.00,114
2013-6-4,17:19:0,18,122,700,2013-6-2,10,8:13:0,F,1,368.00,113
2013-6-4,14:20:0,3,148,701,2013-6-3,26,9:14:0,F,3,455.00,17
2013-6-4,13:4:0,23,58,702,2013-6-2,42,15:3:0,F,1,205.00,119
2013-6-4,2:16:0,10,57,703,2013-6-1,49,16:34:0,T,3,439.00,11
2013-6-3,9:50:0,5,28,704,2013-6-2,16,15:41:0,F,1,315.00,38
2013-6-3,19:35:0,17,92,705,2013-6-3,41,4:6:0,F,3,371.00,54
2013-6-3,22:34:0,6,79,706,2013-6-2,41,16:17:0,T,3,474.00,72
2013-6-2,17:37:0,16,45,707,2013-6-2,27,6:41:0,T,3,254.00,101
2013-6-2,23:33:0,8,7,708,2013-6-1,23,21:21:0,T,3,236.00,143
2013-6-4,12:47:0,15,52,709,2013-6-1,24,12:26:0,F,2,318.00,151
2013-6-4,20:25:0,23,79,710,2013-6-1,45,10:39:0,F,3,486.00,87
2013-6-4,18:17:0,17,152,711,2013-6-2,20,10:31:0,F,1,379.00,28
2013-6-2,20:39:0,6,116,712,2013-6-1,36,2:10:0,T,3,392.00,101
2013-6-3,3:51:0,18,77,713,2013-6-1,41,7:13:0,F,3,290.00,3
2013-6-2,20:56:0,16,152,714,2013-6-2,49,12:1:0,T,3,251.00,22
2013-6-2,23:48:0,19,27,715,2013-6-2,49,21:2:0,F,3,451.00,104
2013-6-3,12:1:0,23,65,716,2013-6-2,38,21:8:0,F,2,477.00,15
2013-6-4,10:9:0,1,63,717,2013-6-3,44,9:34:0,T,3,227.00,57
2013-6-4,21:20:0,3,49,718,2013-6-1,9,9:23:0,T,3,277.00,47
2013-6-2,13:1:0,8,61,719,2013-6-1,35,11:12:0,T,2,285.00,154
2013-6-4,13:13:0,20,63,720,2013-6-3,35,6:2:0,F,3,473.00,31
2013-6-4,18:34:0,18,112,721,2013-6-2,28,19:31:0,T,1,366.00,58
2013-6-1,6:16:0,7,27,722,2013-6-1,20,5:52:0,F,1,285.00,41
2013-6-3,20:13:0,15,51,723,2013-6-2,45,3:0:0,T,3,252.00,101
2013-6-3,21:37:0,15,13,724,2013-6-3,26,19:36:0,F,3,212.00,19
2013-6-2,13:36:0,11,98,725,2013-6-1,10,19:10:0,T,3,431.00,24
2013-6-2,17:4:0,5,150,726,2013-6-1,18,16:49:0,T,3,236.00,18
2013-6-4,16:12:0,4,67,727,2013-6-1,26,23:11:0,F,2,255.00,51
2013-6-4,15:23:0,8,67,728,2013-6-1,11,13:30:0,F,2,288.00,50
2013-6-3,1:13:0,7,2,729,2013-6-1,13,18:1:0,T,1,226.00,25
2013-6-2,6:56:0,17,75,730,2013-6-1,10,4:35:0,T,3,214.00,84
2013-6-3,21:40:0,7,72,731,2013-6-3,4,20:11:0,T,2,269.00,98
2013-6-2,13:8:0,4,60,732,2013-6-2,19,8:16:0,T,1,318.00,139
2013-6-4,23:41:0,14,61,733,2013-6-1,35,7:45:0,T,3,397.00,94
2013-6-2,5:35:0,6,112,734,2013-6-1,20,0:9:0,F,1,328.00,71
2013-6-1,10:47:0,18,140,735,2013-6-1,40,3:49:0,T,3,294.00,72
2013-6-1,14:8:0,8,129,736,2013-6-1,14,5:43:0,T,2,200.00,145
2013-6-4,7:19:0,17,133,737,2013-6-3,23,22:53:0,T,2,350.00,132
2013-6-2,4:8:0,23,101,738,2013-6-2,29,3:2:0,F,1,267.00,153
2013-6-1,21:43:0,2,112,739,2013-6-1,22,5:52:0,F,1,337.00,3
2013-6-3,17:35:0,16,20,740,2013-6-3,35,5:20:0,F,2,227.00,38
2013-6-2,22:38:0,4,85,741,2013-6-1,50,13:16:0,T,3,279.00,146
2013-6-4,0:50:0,6,120,742,2013-6-2,22,9:31:0,F,1,498.00,130
2013-6-4,5:50:0,18,4,743,2013-6-3,13,7:42:0,T,1,421.00,118
2013-6-3,6:3:0,12,79,744,2013-6-2,12,4:47:0,F,3,372.00,28
2013-6-3,17:52:0,5,92,745,2013-6-1,28,23:23:0,T,2,429.00,119
2013-6-3,9:30:0,2,133,746,2013-6-2,40,10:6:0,F,3,447.00,66
2013-6-3,21:21:0,22,150,747,2013-6-1,46,10:34:0,T,2,479.00,16
2013-6-3,8:37:0,13,79,748,2013-6-2,4,20:0:0,F,2,236.00,113
2013-6-4,13:33:0,2,58,749,2013-6-3,8,7:8:0,T,2,233.00,107
2013-6-2,11:34:0,19,149,750,2013-6-1,30,5:20:0,F,2,443.00,154
2013-6-1,19:35:0,4,113,751,2013-6-1,26,0:49:0,F,2,390.00,34
2013-6-4,23:22:0,11,112,752,2013-6-1,10,0:41:0,T,3,443.00,61
2013-6-4,9:46:0,11,16,753,2013-6-2,10,21:37:0,F,1,409.00,2
2013-6-2,17:43:0,4,69,754,2013-6-2,44,2:42:0,F,1,386.00,93
2013-6-4,13:40:0,9,92,755,2013-6-2,6,22:24:0,T,2,304.00,64
2013-6-4,19:7:0,9,149,756,2013-6-1,21,16:19:0,T,3,334.00,25
2013-6-2,11:47:0,9,73,757,2013-6-1,8,21:33:0,F,2,456.00,79
2013-6-2,8:43:0,21,3,758,2013-6-1,26,2:11:0,T,1,210.00,135
2013-6-2,20:13:0,15,70,759,2013-6-2,24,3:0:0,F,1,326.00,116
2013-6-4,6:58:0,12,104,760,2013-6-2,8,23:24:0,T,2,458.00,92
2013-6-3,18:16:0,12,61,761,2013-6-3,36,13:56:0,T,2,460.00,97
2013-6-1,11:16:0,2,1,762,2013-6-1,6,8:34:0,F,1,371.00,83
2013-6-3,16:15:0,10,88,763,2013-6-1,36,22:46:0,F,1,359.00,97
2013-6-1,18:10:0,17,49,764,2013-6-1,24,12:41:0,F,1,340.00,140
2013-6-3,9:4:0,5,132,765,2013-6-1,35,19:54:0,F,1,424.00,116
2013-6-3,20:12:0,3,124,766,2013-6-1,45,21:6:0,T,2,376.00,20
2013-6-2,13:9:0,2,26,767,2013-6-2,45,2:58:0,F,3,257.00,50
2013-6-4,13:57:0,15,30,768,2013-6-2,18,11:25:0,F,1,256.00,150
2013-6-4,15:14:0,17,99,769,2013-6-2,28,7:4:0,T,1,303.00,7
2013-6-3,23:31:0,23,50,770,2013-6-1,36,14:48:0,T,3,297.00,49
2013-6-3,11:3:0,21,68,771,2013-6-1,2,17:24:0,T,2,205.00,11
2013-6-1,18:11:0,20,111,772,2013-6-1,28,4:53:0,F,1,237.00,82
2013-6-2,17:52:0,13,109,773,2013-6-2,19,5:51:0,T,2,260.00,46
2013-6-4,23:48:0,10,49,774,2013-6-1,39,13:5:0,T,1,222.00,106
2013-6-3,23:8:0,15,76,775,2013-6-1,31,15:10:0,T,3,441.00,25
2013-6-4,7:26:0,5,97,776,2013-6-2,42,9:2:0,F,2,444.00,140
2013-6-2,16:16:0,24,50,777,2013-6-1,42,5:32:0,F,3,471.00,48
2013-6-4,15:27:0,15,140,778,2013-6-3,41,5:4:0,F,3,482.00,34
2013-6-4,20:6:0,3,65,779,2013-6-2,46,8:5:0,T,1,283.00,36
2013-6-2,14:23:0,15,116,780,2013-6-1,8,19:26:0,T,3,368.00,99
2013-6-4,7:1:0,4,108,781,2013-6-1,35,19:8:0,T,2,343.00,40
2013-6-4,22:54:0,21,129,782,2013-6-2,50,19:2:0,F,2,222.00,98
2013-6-3,12:14:0,6,10,783,2013-6-1,6,6:9:0,F,2,388.00,136
2013-6-2,2:34:0,24,111,784,2013-6-1,46,22:51:0,T,3,433.00,127
2013-6-3,5:1:0,14,151,785,2013-6-2,1,6:45:0,F,3,453.00,93
2013-6-4,22:42:0,13,82,786,2013-6-1,8,22:55:0,T,1,419.00,89
2013-6-2,5:56:0,21,84,787,2013-6-1,37,8:52:0,F,2,359.00,54
2013-6-4,12:39:0,19,121,788,2013-6-1,22,12:37:0,T,3,270.00,106
2013-6-3,7:29:0,13,43,789,2013-6-2,42,10:25:0,F,3,359.00,26
2013-6-3,22:3:0,2,58,790,2013-6-3,30,7:26:0,T,2,497.00,73
2013-6-4,20:36:0,18,36,791,2013-6-3,50,15:32:0,T,1,286.00,125
2013-6-3,12:51:0,23,142,792,2013-6-3,18,7:13:0,T,2,358.00,97
2013-6-3,20:26:0,16,3,793,2013-6-2,4,0:8:0,F,2,332.00,144
2013-6-4,4:23:0,23,90,794,2013-6-3,39,14:25:0,F,3,486.00,138
2013-6-4,18:32:0,4,29,795,2013-6-1,48,12:22:0,F,2,450.00,59
2013-6-3,21:26:0,8,115,796,2013-6-3,25,18:34:0,T,1,465.00,23
2013-6-2,16:48:0,19,145,797,2013-6-1,25,18:5:0,F,3,434.00,37
2013-6-4,15:29:0,1,106,798,2013-6-3,46,16:52:0,T,2,206.00,17
2013-6-3,5:20:0,17,50,799,2013-6-1,48,19:59:0,T,1,219.00,101
2013-6-2,15:27:0,21,140,800,2013-6-1,46,8:24:0,T,3,274.00,40
2013-6-3,4:14:0,17,116,801,2013-6-1,0,17:45:0,T,3,492.00,4
2013-6-3,7:6:0,20,47,802,2013-6-1,37,9:6:0,F,2,386.00,94
2013-6-2,18:17:0,22,91,803,2013-6-1,27,20:36:0,T,3,270.00,19
2013-6-4,23:24:0,6,150,804,2013-6-1,35,6:47:0,F,3,256.00,72
2013-6-1,19:46:0,10,89,805,2013-6-1,27,1:49:0,T,3,493.00,63
2013-6-2,21:52:0,17,98,806,2013-6-2,36,7:12:0,T,3,373.00,51
2013-6-3,17:49:0,22,140,807,2013-6-1,46,2:48:0,T,3,254.00,35
2013-6-3,11:49:0,19,88,808,2013-6-2,16,15:42:0,F,2,291.00,26
2013-6-3,23:16:0,4,50,809,2013-6-1,33,11:22:0,T,3,419.00,153
2013-6-2,9:8:0,17,76,810,2013-6-2,33,3:41:0,T,1,329.00,10
2013-6-2,9:22:0,24,44,811,2013-6-2,29,8:5:0,T,1,430.00,46
2013-6-4,19:56:0,20,82,812,2013-6-1,27,22:50:0,T,3,466.00,6
2013-6-2,21:13:0,8,118,813,2013-6-1,43,2:21:0,T,2,207.00,128
2013-6-4,18:13:0,13,39,814,2013-6-1,8,6:48:0,F,2,482.00,2
2013-6-2,22:40:0,21,117,815,2013-6-2,45,2:58:0,F,2,397.00,30
2013-6-2,8:37:0,17,21,816,2013-6-1,19,3:29:0,T,1,326.00,151
2013-6-4,8:31:0,13,151,817,2013-6-1,23,21:1:0,F,1,263.00,108
2013-6-3,5:50:0,9,140,818,2013-6-1,41,0:12:0,T,1,290.00,124
2013-6-4,8:48:0,7,95,819,2013-6-2,30,7:11:0,F,2,467.00,81
2013-6-3,0:20:0,16,26,820,2013-6-2,13,7:34:0,T,2,252.00,2
2013-6-2,16:56:0,23,25,821,2013-6-2,11,1:3:0,F,1,362.00,88
2013-6-4,7:50:0,11,131,822,2013-6-3,11,17:30:0,T,3,229.00,2
2013-6-2,10:41:0,2,97,823,2013-6-1,43,19:25:0,F,3,328.00,20
2013-6-4,1:28:0,12,15,824,2013-6-3,4,10:47:0,T,2,339.00,39
2013-6-1,23:20:0,11,116,825,2013-6-1,12,14:9:0,T,2,255.00,36
2013-6-2,6:39:0,18,99,826,2013-6-2,49,5:20:0,F,1,246.00,52
2013-6-4,22:29:0,9,26,827,2013-6-3,3,1:43:0,T,1,463.00,24
2013-6-2,14:34:0,1,51,828,2013-6-2,46,6:59:0,T,2,415.00,145
2013-6-2,12:38:0,24,75,829,2013-6-2,48,3:9:0,T,3,439.00,41
2013-6-2,19:7:0,7,133,830,2013-6-2,18,4:12:0,T,1,248.00,10
2013-6-4,20:4:0,21,12,831,2013-6-1,31,8:32:0,T,3,292.00,46
2013-6-4,23:55:0,9,33,832,2013-6-1,17,14:33:0,T,3,215.00,144
2013-6-3,1:8:0,14,76,833,2013-6-1,34,20:10:0,F,1,286.00,140
2013-6-3,9:1:0,17,128,834,2013-6-1,17,18:12:0,T,3,459.00,60
2013-6-3,7:1:0,14,45,835,2013-6-3,48,0:58:0,F,2,356.00,128
2013-6-4,3:0:0,19,138,836,2013-6-1,49,23:41:0,T,2,334.00,153
2013-6-4,21:23:0,18,62,837,2013-6-2,39,0:14:0,F,1,225.00,56
2013-6-4,8:22:0,11,29,838,2013-6-1,9,9:55:0,F,3,447.00,2
2013-6-4,13:17:0,22,97,839,2013-6-2,42,18:21:0,T,2,333.00,136
2013-6-4,8:47:0,24,126,840,2013-6-2,19,8:18:0,F,2,293.00,76
2013-6-3,6:25:0,24,27,841,2013-6-1,37,9:37:0,F,2,441.00,119
2013-6-4,17:45:0,2,145,842,2013-6-1,12,22:49:0,T,1,318.00,20
2013-6-4,8:4:0,4,67,843,2013-6-2,27,0:9:0,F,3,449.00,113
2013-6-1,23:27:0,6,59,844,2013-6-1,21,22:20:0,T,1,347.00,26
2013-6-3,6:45:0,1,125,845,2013-6-2,46,10:40:0,F,2,258.00,108
2013-6-4,12:16:0,20,19,846,2013-6-1,38,23:5:0,F,1,386.00,92
2013-6-3,23:18:0,23,123,847,2013-6-1,34,23:44:0,T,1,468.00,102
2013-6-4,13:0:0,1,85,848,2013-6-2,39,20:17:0,F,3,276.00,62
2013-6-4,19:59:0,2,100,849,2013-6-2,37,11:21:0,T,2,433.00,144
2013-6-4,15:34:0,6,125,850,2013-6-1,31,23:42:0,F,3,427.00,117
2013-6-4,19:13:0,9,45,851,2013-6-3,4,23:34:0,T,1,295.00,68
2013-6-4,5:55:0,16,3,852,2013-6-2,7,22:0:0,T,1,322.00,17
2013-6-3,23:54:0,18,68,853,2013-6-3,17,12:50:0,T,3,367.00,113
2013-6-4,2:41:0,22,56,854,2013-6-2,33,3:28:0,F,2,266.00,34
2013-6-2,10:55:0,19,9,855,2013-6-2,20,10:21:0,F,2,381.00,33
2013-6-2,18:52:0,13,104,856,2013-6-1,25,10:55:0,F,2,306.00,64
2013-6-1,10:1:0,11,10,857,2013-6-1,16,8:41:0,F,1,335.00,150
2013-6-3,20:7:0,8,83,858,2013-6-3,46,7:33:0,F,1,330.00,125
2013-6-3,13:45:0,16,103,859,2013-6-2,37,8:12:0,T,3,486.00,45
2013-6-2,17:2:0,22,76,860,2013-6-1,34,13:45:0,F,2,447.00,48
2013-6-2,12:51:0,13,116,861,2013-6-2,4,9:43:0,F,2,278.00,32
2013-6-4,15:43:0,7,63,862,2013-6-2,38,23:25:0,F,1,224.00,70
2013-6-4,1:51:0,8,107,863,2013-6-2,19,1:33:0,T,1,435.00,28
2013-6-3,13:40:0,17,108,864,2013-6-2,48,7:52:0,T,1,372.00,2
2013-6-4,6:44:0,19,56,865,2013-6-1,18,15:34:0,F,1,264.00,20
2013-6-4,19:44:0,17,18,866,2013-6-3,12,13:46:0,T,3,371.00,141
2013-6-1,20:59:0,16,64,867,2013-6-1,29,15:59:0,T,1,296.00,30
2013-6-4,10:55:0,18,7,868,2013-6-2,28,11:57:0,T,3,473.00,13
2013-6-3,19:25:0,23,70,869,2013-6-1,19,6:32:0,T,2,210.00,92
2013-6-3,7:30:0,15,76,870,2013-6-1,0,23:36:0,T,3,278.00,48
2013-6-4,4:2:0,16,48,871,2013-6-1,23,11:9:0,T,1,452.00,118
2013-6-3,23:25:0,13,56,872,2013-6-1,9,3:44:0,T,3,438.00,133
2013-6-4,10:47:0,24,113,873,2013-6-3,2,16:4:0,T,1,274.00,24
2013-6-4,3:5:0,7,124,874,2013-6-3,39,13:47:0,F,3,274.00,31
2013-6-4,22:28:0,14,17,875,2013-6-2,2,9:3:0,T,2,376.00,124
2013-6-4,9:52:0,12,103,876,2013-6-3,22,10:25:0,F,1,308.00,53
2013-6-4,12:2:0,23,3,877,2013-6-1,11,13:15:0,T,2,223.00,12
2013-6-1,23:25:0,8,131,878,2013-6-1,29,22:57:0,F,1,266.00,64
2013-6-4,9:26:0,17,148,879,2013-6-1,30,4:21:0,T,2,402.00,154
2013-6-3,2:59:0,19,1,880,2013-6-1,41,18:15:0,F,1,423.00,52
2013-6-3,1:30:0,8,120,881,2013-6-1,49,1:51:0,F,3,360.00,89
2013-6-2,8:12:0,10,64,882,2013-6-1,38,4:41:0,F,3,358.00,90
2013-6-4,6:4:0,3,120,883,2013-6-1,36,6:35:0,T,1,388.00,49
2013-6-3,1:16:0,14,37,884,2013-6-1,18,15:38:0,T,3,486.00,117
2013-6-3,23:46:0,16,99,885,2013-6-1,1,0:54:0,T,2,489.00,14
2013-6-4,7:52:0,8,3,886,2013-6-2,47,8:19:0,T,1,399.00,93
2013-6-4,21:48:0,20,53,887,2013-6-3,50,16:22:0,F,1,338.00,62
2013-6-3,7:44:0,12,10,888,2013-6-2,5,3:57:0,F,3,393.00,37
2013-6-3,19:44:0,6,36,889,2013-6-1,25,18:18:0,F,3,274.00,113
2013-6-3,21:33:0,13,105,890,2013-6-3,5,17:56:0,F,1,474.00,27
2013-6-1,16:5:0,8,14,891,2013-6-1,21,7:12:0,F,2,482.00,81
2013-6-2,18:53:0,20,145,892,2013-6-2,44,4:25:0,F,1,383.00,104
2013-6-4,7:7:0,9,136,893,2013-6-1,41,13:37:0,T,2,366.00,57
2013-6-3,12:36:0,15,133,894,2013-6-2,41,20:55:0,T,2,400.00,88
2013-6-3,11:52:0,22,49,895,2013-6-2,16,21:4:0,T,2,376.00,31
2013-6-2,22:11:0,13,77,896,2013-6-1,22,3:31:0,F,3,305.00,1
2013-6-2,11:10:0,23,76,897,2013-6-2,43,6:22:0,T,1,243.00,18
2013-6-4,2:54:0,24,130,898,2013-6-1,23,5:15:0,T,3,306.00,141
2013-6-4,7:36:0,3,71,899,2013-6-2,29,0:0:0,T,2,200.00,57
2013-6-3,18:24:0,7,26,900,2013-6-3,38,8:43:0,T,3,430.00,133
2013-6-2,15:21:0,23,104,901,2013-6-2,0,5:35:0,T,3,255.00,39
2013-6-4,12:33:0,11,111,902,2013-6-1,14,14:10:0,T,2,392.00,89
2013-6-3,7:14:0,11,45,903,2013-6-1,47,13:32:0,T,1,307.00,58
2013-6-4,18:6:0,9,7,904,2013-6-3,3,12:36:0,F,1,474.00,126
2013-6-2,11:7:0,11,68,905,2013-6-1,14,17:26:0,T,1,229.00,107
2013-6-4,12:10:0,17,145,906,2013-6-2,4,12:43:0,T,2,429.00,123
2013-6-3,18:57:0,7,66,907,2013-6-2,21,15:49:0,F,1,398.00,79
2013-6-3,21:18:0,18,19,908,2013-6-1,16,22:19:0,T,2,449.00,133
2013-6-4,14:22:0,5,81,909,2013-6-2,24,15:2:0,F,1,293.00,135
2013-6-3,1:27:0,15,42,910,2013-6-1,47,3:43:0,T,3,422.00,119
2013-6-3,2:12:0,17,81,911,2013-6-2,23,18:54:0,F,2,494.00,34
2013-6-1,6:35:0,9,93,912,2013-6-1,16,1:41:0,F,1,220.00,23
2013-6-4,2:53:0,21,11,913,2013-6-3,23,6:55:0,T,2,207.00,48
2013-6-2,7:30:0,7,22,914,2013-6-1,17,23:48:0,T,2,327.00,132
2013-6-2,18:45:0,21,116,915,2013-6-1,49,15:9:0,F,3,443.00,17
2013-6-4,18:58:0,22,153,916,2013-6-3,14,9:3:0,F,3,393.00,71
2013-6-4,21:20:0,10,44,917,2013-6-1,39,15:42:0,T,2,361.00,110
2013-6-3,3:2:0,16,27,918,2013-6-2,30,21:30:0,T,1,414.00,90
2013-6-4,18:3:0,19,128,919,2013-6-3,45,8:24:0,T,1,249.00,84
2013-6-2,19:10:0,9,55,920,2013-6-1,34,23:21:0,T,2,327.00,117
2013-6-4,6:19:0,18,39,921,2013-6-3,41,3:53:0,T,1,314.00,7
2013-6-3,19:23:0,15,2,922,2013-6-3,8,15:54:0,T,2,391.00,34
2013-6-4,15:23:0,3,23,923,2013-6-3,27,20:7:0,T,1,284.00,153
2013-6-3,12:49:0,4,35,924,2013-6-2,19,2:3:0,F,2,442.00,126
2013-6-3,4:27:0,3,10,925,2013-6-1,43,6:19:0,F,1,208.00,129
2013-6-4,17:2:0,20,122,926,2013-6-3,42,14:24:0,T,3,408.00,59
2013-6-3,12:8:0,14,12,927,2013-6-1,1,0:8:0,F,3,497.00,52
2013-6-4,17:32:0,13,142,928,2013-6-1,47,4:15:0,T,1,272.00,31
2013-6-2,20:18:0,24,131,929,2013-6-1,50,6:36:0,T,1,256.00,132
2013-6-4,8:15:0,5,66,930,2013-6-3,50,4:31:0,F,2,368.00,126
2013-6-4,11:42:0,5,82,931,2013-6-3,48,14:9:0,F,1,232.00,133
2013-6-4,6:13:0,5,89,932,2013-6-1,47,11:27:0,T,3,329.00,93
2013-6-3,20:41:0,23,138,933,2013-6-2,24,1:18:0,F,3,476.00,59
2013-6-1,9:38:0,11,102,934,2013-6-1,31,3:22:0,T,3,317.00,100
2013-6-4,17:32:0,21,78,935,2013-6-2,29,3:49:0,F,2,499.00,10
2013-6-4,16:50:0,18,21,936,2013-6-3,19,22:13:0,T,1,275.00,127
2013-6-3,1:54:0,3,43,937,2013-6-2,13,9:21:0,T,2,228.00,30
2013-6-3,15:5:0,10,79,938,2013-6-1,1,1:52:0,F,2,384.00,115
2013-6-4,22:37:0,15,150,939,2013-6-3,50,3:29:0,T,1,256.00,64
2013-6-4,4:35:0,17,19,940,2013-6-1,47,18:7:0,F,3,477.00,79
2013-6-1,16:49:0,19,107,941,2013-6-1,43,8:50:0,T,1,219.00,80
2013-6-2,19:30:0,6,22,942,2013-6-2,24,9:5:0,F,2,252.00,16
2013-6-4,18:47:0,10,90,943,2013-6-3,38,23:23:0,T,3,322.00,102
2013-6-2,16:9:0,6,31,944,2013-6-1,22,22:58:0,F,2,392.00,125
2013-6-4,11:4:0,11,89,945,2013-6-1,45,16:11:0,F,2,200.00,99
2013-6-3,4:56:0,24,95,946,2013-6-1,49,23:44:0,F,3,355.00,141
2013-6-3,23:52:0,12,112,947,2013-6-2,6,2:38:0,F,1,285.00,104
2013-6-3,2:40:0,17,127,948,2013-6-1,26,23:7:0,F,2,346.00,22
2013-6-3,15:51:0,22,101,949,2013-6-1,50,20:28:0,T,2,220.00,31
2013-6-4,2:18:0,5,119,950,2013-6-1,24,2:40:0,F,3,421.00,152
2013-6-1,21:43:0,6,79,951,2013-6-1,39,0:24:0,T,1,228.00,82
2013-6-4,6:38:0,5,20,952,2013-6-1,42,21:10:0,F,1,447.00,123
2013-6-4,12:24:0,16,118,953,2013-6-1,24,22:59:0,F,2,386.00,95
2013-6-4,23:21:0,11,102,954,2013-6-3,36,6:12:0,F,1,367.00,20
2013-6-2,3:21:0,7,17,955,2013-6-1,19,8:14:0,T,2,246.00,62
2013-6-3,21:20:0,7,22,956,2013-6-1,11,13:59:0,F,3,385.00,105
2013-6-3,13:13:0,2,153,957,2013-6-2,7,11:54:0,F,3,310.00,43
2013-6-4,9:43:0,24,146,958,2013-6-2,43,6:56:0,F,1,336.00,87
2013-6-3,14:55:0,17,26,959,2013-6-1,14,7:31:0,T,3,216.00,92
2013-6-3,7:27:0,8,8,960,2013-6-1,50,4:15:0,F,3,418.00,29
2013-6-4,10:5:0,23,29,961,2013-6-2,2,10:38:0,F,1,283.00,146
2013-6-2,21:34:0,18,48,962,2013-6-2,11,12:43:0,T,1,290.00,59
2013-6-4,14:9:0,3,130,963,2013-6-1,7,23:3:0,F,3,483.00,113
2013-6-1,21:8:0,13,71,964,2013-6-1,45,3:46:0,F,2,471.00,132
2013-6-3,8:58:0,24,142,965,2013-6-1,2,17:36:0,T,3,216.00,73
2013-6-3,9:15:0,13,14,966,2013-6-3,46,8:2:0,F,3,430.00,56
2013-6-4,19:24:0,18,130,967,2013-6-2,2,2:25:0,F,3,252.00,54
2013-6-3,16:37:0,11,111,968,2013-6-2,44,21:28:0,T,1,446.00,21
2013-6-3,20:26:0,10,20,969,2013-6-1,37,11:44:0,F,3,293.00,143
2013-6-3,22:8:0,19,141,970,2013-6-1,3,6:57:0,F,1,233.00,68
2013-6-3,8:56:0,10,72,971,2013-6-3,48,3:48:0,F,1,359.00,49
2013-6-4,2:25:0,2,45,972,2013-6-2,10,2:28:0,T,1,425.00,120
2013-6-2,18:41:0,7,68,973,2013-6-1,37,14:45:0,T,3,280.00,112
2013-6-3,2:23:0,22,18,974,2013-6-2,30,1:55:0,F,3,254.00,17
2013-6-2,8:26:0,9,80,975,2013-6-1,9,10:29:0,F,2,491.00,6
2013-6-2,16:16:0,10,132,976,2013-6-1,8,16:59:0,F,3,315.00,84
2013-6-3,17:56:0,6,51,977,2013-6-1,25,19:49:0,T,1,205.00,113
2013-6-2,3:58:0,19,108,978,2013-6-1,41,6:26:0,F,1,394.00,142
2013-6-4,0:23:0,12,108,979,2013-6-3,33,22:12:0,F,3,350.00,42
2013-6-4,13:59:0,2,116,980,2013-6-3,41,19:37:0,T,2,393.00,127
2013-6-2,22:41:0,10,107,981,2013-6-1,7,16:8:0,T,2,331.00,8
2013-6-4,18:51:0,11,74,982,2013-6-2,27,18:42:0,T,1,235.00,91
2013-6-4,8:42:0,8,40,983,2013-6-3,31,2:49:0,T,1,495.00,123
2013-6-3,12:52:0,22,105,984,2013-6-1,4,17:11:0,F,1,265.00,134
2013-6-4,8:31:0,18,94,985,2013-6-3,14,7:20:0,F,2,209.00,24
2013-6-3,6:26:0,21,128,986,2013-6-2,28,16:17:0,T,3,297.00,81
2013-6-4,23:49:0,2,19,987,2013-6-1,32,4:13:0,T,1,234.00,87
2013-6-2,10:58:0,10,117,988,2013-6-1,11,1:59:0,F,2,389.00,144
2013-6-3,10:26:0,23,36,989,2013-6-2,28,7:31:0,F,1,332.00,38
2013-6-4,19:17:0,23,140,990,2013-6-2,38,12:34:0,F,1,272.00,40
2013-6-1,19:58:0,8,27,991,2013-6-1,6,0:3:0,T,2,275.00,98
2013-6-1,19:43:0,11,92,992,2013-6-1,24,8:51:0,F,2,338.00,133
2013-6-3,21:20:0,22,103,993,2013-6-2,9,19:44:0,T,3,402.00,120
2013-6-2,2:10:0,7,29,994,2013-6-1,26,21:42:0,F,3,414.00,54
2013-6-3,8:39:0,17,4,995,2013-6-2,9,9:1:0,T,3,281.00,40
2013-6-3,0:16:0,8,138,996,2013-6-2,19,13:14:0,F,1,270.00,106
2013-6-4,6:54:0,2,148,997,2013-6-2,41,10:29:0,F,3,485.00,108
2013-6-4,4:1:0,3,29,998,2013-6-2,20,3:32:0,T,1,250.00,144
2013-6-4,12:58:0,21,11,999,2013-6-3,43,22:17:0,T,2,236.00,54
2013-6-1,23:56:0,22,135,1000,2013-6-1,10,8:11:0,T,3,389.00,143
2013-6-3,23:26:0,3,7,1001,2013-6-3,32,16:14:0,F,2,443.00,73
2013-6-2,14:19:0,13,43,1002,2013-6-1,32,17:56:0,T,1,249.00,26
2013-6-3,23:26:0,16,36,1003,2013-6-2,38,23:24:0,T,1,317.00,115
2013-6-4,3:28:0,11,3,1004,2013-6-2,23,21:37:0,T,1,287.00,88
2013-6-4,3:40:0,17,108,1005,2013-6-2,48,22:6:0,T,1,494.00,33
2013-6-3,8:15:0,22,129,1006,2013-6-1,28,18:57:0,T,2,316.00,149
2013-6-4,17:16:0,19,12,1007,2013-6-1,26,0:11:0,F,1,333.00,117
2013-6-4,1:12:0,23,15,1008,2013-6-2,23,10:49:0,F,2,356.00,131
2013-6-2,14:37:0,11,97,1009,2013-6-2,25,9:10:0,F,2,419.00,73
2013-6-2,2:53:0,23,93,1010,2013-6-1,49,2:50:0,F,3,235.00,38
2013-6-4,23:12:0,12,39,1011,2013-6-3,42,4:18:0,T,1,410.00,103
2013-6-2,22:26:0,13,72,1012,2013-6-2,23,3:10:0,F,2,420.00,127
2013-6-4,13:2:0,11,147,1013,2013-6-3,27,5:48:0,F,2,328.00,53
2013-6-3,19:46:0,10,74,1014,2013-6-3,12,11:55:0,T,3,459.00,29
2013-6-2,16:58:0,17,52,1015,2013-6-1,23,0:39:0,F,3,494.00,22
2013-6-4,7:40:0,6,70,1016,2013-6-2,20,8:2:0,F,1,481.00,27
2013-6-4,5:34:0,15,128,1017,2013-6-3,34,22:9:0,T,2,306.00,134
2013-6-3,23:47:0,3,108,1018,2013-6-3,33,16:50:0,F,1,416.00,29
2013-6-2,11:42:0,3,150,1019,2013-6-1,17,4:33:0,F,1,466.00,68
2013-6-3,20:26:0,19,146,1020,2013-6-1,41,10:23:0,F,1,397.00,77
2013-6-3,16:12:0,3,1,1021,2013-6-2,31,17:44:0,T,3,470.00,97
2013-6-3,2:39:0,24,31,1022,2013-6-1,12,11:6:0,F,3,431.00,115
2013-6-2,20:0:0,6,15,1023,2013-6-1,25,10:36:0,T,3,248.00,118
2013-6-3,19:58:0,20,83,1024,2013-6-2,43,14:24:0,T,1,370.00,73
2013-6-1,17:58:0,3,70,1025,2013-6-1,50,0:15:0,T,1,232.00,136
2013-6-1,19:33:0,17,150,1026,2013-6-1,34,16:45:0,T,1,318.00,92
2013-6-3,5:54:0,13,23,1027,2013-6-2,48,15:24:0,T,2,327.00,128
2013-6-4,3:48:0,1,76,1028,2013-6-1,11,2:43:0,F,3,304.00,20
2013-6-4,6:27:0,6,4,1029,2013-6-2,33,5:12:0,T,2,204.00,90
2013-6-4,5:52:0,4,95,1030,2013-6-1,2,5:47:0,T,1,243.00,36
2013-6-4,22:59:0,12,63,1031,2013-6-2,3,17:33:0,F,1,320.00,85
2013-6-3,14:28:0,12,132,1032,2013-6-1,13,23:29:0,T,1,276.00,126
2013-6-4,23:35:0,14,7,1033,2013-6-3,14,3:44:0,F,2,339.00,33
2013-6-4,18:26:0,2,15,1034,2013-6-3,50,18:29:0,F,2,486.00,54
2013-6-4,6:31:0,14,122,1035,2013-6-1,27,20:53:0,T,2,294.00,51
2013-6-4,17:38:0,2,3,1036,2013-6-2,11,0:52:0,T,2,458.00,114
2013-6-3,3:44:0,21,104,1037,2013-6-3,20,0:43:0,F,1,307.00,46
2013-6-2,16:40:0,16,5,1038,2013-6-1,7,5:26:0,F,3,391.00,91
2013-6-3,9:19:0,17,126,1039,2013-6-3,25,3:33:0,T,1,417.00,143
2013-6-3,13:0:0,17,114,1040,2013-6-1,7,7:28:0,F,3,359.00,115
2013-6-3,0:43:0,10,149,1041,2013-6-1,44,9:9:0,T,2,302.00,29
2013-6-4,0:2:0,21,40,1042,2013-6-2,39,5:11:0,T,3,466.00,25
2013-6-4,21:14:0,20,135,1043,2013-6-2,23,13:53:0,T,1,266.00,116
2013-6-1,15:42:0,2,117,1044,2013-6-1,8,5:23:0,F,1,277.00,82
2013-6-4,7:42:0,2,119,1045,2013-6-2,32,0:29:0,T,1,470.00,78
2013-6-3,20:49:0,3,27,1046,2013-6-1,2,23:42:0,F,3,385.00,81
2013-6-2,5:18:0,1,136,1047,2013-6-1,31,8:59:0,F,2,431.00,32
2013-6-4,5:44:0,1,121,1048,2013-6-2,46,11:23:0,F,1,295.00,51
2013-6-4,7:58:0,2,78,1049,2013-6-1,1,14:46:0,T,3,390.00,64
2013-6-4,19:59:0,9,28,1050,2013-6-3,40,13:17:0,T,3,265.00,86
2013-6-4,22:44:0,10,124,1051,2013-6-1,11,1:38:0,F,1,245.00,96
2013-6-3,22:8:0,2,81,1052,2013-6-2,35,6:0:0,F,3,204.00,96
2013-6-4,3:30:0,12,136,1053,2013-6-3,30,9:11:0,T,1,228.00,49
2013-6-2,5:18:0,14,113,1054,2013-6-1,31,8:9:0,F,3,348.00,154
2013-6-2,8:28:0,16,82,1055,2013-6-1,9,6:33:0,F,1,312.00,136
2013-6-4,1:29:0,12,145,1056,2013-6-3,46,1:10:0,F,1,231.00,79
2013-6-2,22:38:0,6,7,1057,2013-6-1,43,2:6:0,F,3,410.00,139
2013-6-4,3:39:0,17,60,1058,2013-6-2,29,15:17:0,T,2,340.00,96
2013-6-3,23:16:0,18,92,1059,2013-6-3,42,8:4:0,F,3,410.00,142
2013-6-4,20:4:0,2,15,1060,2013-6-2,49,3:14:0,F,1,472.00,10
2013-6-1,22:45:0,5,143,1061,2013-6-1,5,19:13:0,T,1,427.00,82
2013-6-2,14:45:0,4,17,1062,2013-6-1,50,22:39:0,T,3,241.00,146
2013-6-3,20:37:0,20,55,1063,2013-6-2,50,2:57:0,F,2,425.00,51
2013-6-4,21:15:0,8,88,1064,2013-6-3,10,7:30:0,T,3,392.00,125
2013-6-1,5:46:0,21,92,1065,2013-6-1,36,3:36:0,T,3,457.00,17
2013-6-4,4:28:0,7,89,1066,2013-6-1,5,0:9:0,T,3,369.00,111
2013-6-4,1:49:0,3,140,1067,2013-6-3,32,19:37:0,F,2,219.00,122
2013-6-4,23:8:0,19,40,1068,2013-6-2,7,13:56:0,F,3,455.00,35
2013-6-4,21:56:0,17,26,1069,2013-6-2,7,3:54:0,T,2,492.00,130
2013-6-4,19:12:0,23,55,1070,2013-6-1,27,6:40:0,F,3,374.00,122
2013-6-4,19:13:0,17,102,1071,2013-6-2,24,15:4:0,F,3,484.00,88
2013-6-2,22:54:0,5,103,1072,2013-6-2,32,7:13:0,T,2,475.00,58
2013-6-1,20:2:0,20,45,1073,2013-6-1,44,8:22:0,T,2,232.00,131
2013-6-3,19:16:0,24,73,1074,2013-6-1,47,18:9:0,F,1,321.00,17
2013-6-3,20:14:0,16,104,1075,2013-6-1,49,16:23:0,F,3,318.00,79
2013-6-3,20:3:0,24,149,1076,2013-6-1,4,2:5:0,T,1,304.00,136
2013-6-3,10:9:0,15,134,1077,2013-6-3,35,7:0:0,F,2,304.00,122
2013-6-3,19:38:0,17,72,1078,2013-6-2,7,5:29:0,F,2,225.00,52
2013-6-4,1:29:0,16,49,1079,2013-6-3,48,6:27:0,F,3,444.00,104
2013-6-1,21:45:0,16,56,1080,2013-6-1,41,7:32:0,T,2,435.00,132
2013-6-2,1:19:0,23,75,1081,2013-6-1,37,22:10:0,F,1,242.00,130
2013-6-2,3:20:0,11,147,1082,2013-6-1,7,4:57:0,F,1,422.00,33
2013-6-3,22:58:0,11,20,1083,2013-6-1,16,3:49:0,T,2,332.00,101
2013-6-4,16:40:0,20,100,1084,2013-6-1,27,4:3:0,T,1,229.00,5
2013-6-4,16:38:0,20,78,1085,2013-6-1,39,2:37:0,T,1,422.00,87
2013-6-4,2:4:0,3,134,1086,2013-6-3,18,10:38:0,F,3,235.00,139
2013-6-2,10:34:0,12,1,1087,2013-6-1,4,10:21:0,F,3,270.00,154
2013-6-4,21:15:0,14,8,1088,2013-6-3,49,16:48:0,F,3,384.00,56
2013-6-3,19:45:0,19,136,1089,2013-6-1,1,13:46:0,T,3,214.00,68
2013-6-3,11:3:0,15,92,1090,2013-6-1,27,0:7:0,T,3,297.00,64
2013-6-4,5:23:0,24,97,1091,2013-6-3,35,12:52:0,F,3,267.00,144
2013-6-3,1:47:0,14,117,1092,2013-6-2,43,22:58:0,T,3,356.00,126
2013-6-2,20:17:0,21,60,1093,2013-6-2,6,9:20:0,F,1,289.00,14
2013-6-4,20:57:0,24,85,1094,2013-6-2,26,20:40:0,F,2,254.00,109
2013-6-4,20:1:0,17,80,1095,2013-6-1,21,14:36:0,T,2,390.00,6
2013-6-4,2:17:0,5,100,1096,2013-6-1,28,12:2:0,F,1,230.00,141
2013-6-3,2:49:0,24,47,1097,2013-6-2,48,20:16:0,T,3,452.00,94
2013-6-4,22:57:0,9,6,1098,2013-6-2,43,17:30:0,F,2,253.00,82
2013-6-3,2:24:0,23,62,1099,2013-6-1,6,21:51:0,T,2,347.00,20
2013-6-3,5:7:0,19,102,1100,2013-6-3,15,3:37:0,F,1,249.00,43
2013-6-4,4:39:0,21,8,1101,2013-6-3,6,7:30:0,F,3,379.00,150
2013-6-4,19:8:0,22,146,1102,2013-6-1,12,13:59:0,F,1,332.00,137
2013-6-4,7:28:0,6,36,1103,2013-6-3,11,1:40:0,F,1,432.00,38
2013-6-4,5:40:0,19,29,1104,2013-6-3,19,2:25:0,F,3,423.00,111
2013-6-4,15:26:0,6,144,1105,2013-6-3,35,15:41:0,T,2,463.00,138
2013-6-2,17:21:0,10,122,1106,2013-6-2,46,0:47:0,F,1,402.00,148
2013-6-2,2:52:0,24,18,1107,2013-6-1,45,6:16:0,F,2,471.00,85
2013-6-3,21:12:0,21,2,1108,2013-6-2,4,9:40:0,T,1,404.00,31
2013-6-4,22:45:0,5,86,1109,2013-6-1,46,9:41:0,T,1,241.00,46
2013-6-3,18:36:0,22,87,1110,2013-6-1,31,20:48:0,F,2,208.00,66
2013-6-4,17:11:0,24,81,1111,2013-6-1,27,15:39:0,F,2,410.00,59
2013-6-2,21:29:0,8,92,1112,2013-6-2,5,12:17:0,F,3,229.00,62
2013-6-3,0:35:0,5,82,1113,2013-6-2,42,8:7:0,T,1,467.00,94
2013-6-3,19:15:0,24,108,1114,2013-6-1,48,9:10:0,T,1,213.00,68
2013-6-4,20:52:0,9,8,1115,2013-6-2,41,20:11:0,F,3,239.00,17
2013-6-3,9:55:0,18,136,1116,2013-6-3,19,5:38:0,F,2,304.00,137
2013-6-1,7:35:0,6,122,1117,2013-6-1,16,3:56:0,T,3,423.00,42
2013-6-3,6:15:0,1,145,1118,2013-6-3,36,1:18:0,F,3,466.00,129
2013-6-3,14:8:0,11,103,1119,2013-6-1,3,16:55:0,T,3,273.00,47
2013-6-1,11:9:0,6,118,1120,2013-6-1,50,8:17:0,T,2,382.00,146
2013-6-4,15:58:0,6,5,1121,2013-6-1,24,22:57:0,T,1,369.00,117
2013-6-1,20:36:0,10,10,1122,2013-6-1,48,19:36:0,T,3,247.00,32
2013-6-3,20:48:0,20,11,1123,2013-6-1,31,10:53:0,F,3,238.00,74
2013-6-3,20:31:0,10,125,1124,2013-6-2,0,10:16:0,T,1,418.00,24
2013-6-3,21:10:0,8,93,1125,2013-6-2,21,21:25:0,T,3,278.00,154
2013-6-2,23:53:0,17,67,1126,2013-6-1,37,13:17:0,F,1,212.00,135
2013-6-2,19:38:0,14,71,1127,2013-6-2,14,16:43:0,F,1,488.00,111
2013-6-4,8:50:0,23,47,1128,2013-6-1,38,7:41:0,T,2,264.00,69
2013-6-2,20:50:0,1,141,1129,2013-6-1,16,19:21:0,F,2,293.00,60
2013-6-2,0:49:0,11,59,1130,2013-6-1,17,20:27:0,T,2,366.00,12
2013-6-4,12:10:0,22,87,1131,2013-6-2,43,12:55:0,T,2,294.00,23
2013-6-4,23:7:0,23,94,1132,2013-6-2,41,7:12:0,T,3,497.00,122
2013-6-2,18:33:0,1,30,1133,2013-6-2,36,14:48:0,F,2,318.00,67
2013-6-3,11:46:0,17,47,1134,2013-6-1,36,19:19:0,T,3,410.00,56
2013-6-4,3:17:0,19,28,1135,2013-6-3,40,14:3:0,F,3,202.00,53
2013-6-3,20:34:0,19,114,1136,2013-6-3,37,3:17:0,T,1,298.00,44
2013-6-4,16:35:0,14,39,1137,2013-6-1,2,18:27:0,T,1,233.00,74
2013-6-4,18:14:0,1,56,1138,2013-6-1,48,22:31:0,T,1,210.00,37
2013-6-2,23:24:0,12,96,1139,2013-6-2,45,17:4:0,T,1,322.00,81
2013-6-1,12:47:0,6,113,1140,2013-6-1,46,5:17:0,T,1,381.00,130
2013-6-3,15:26:0,1,58,1141,2013-6-2,32,20:46:0,F,2,205.00,37
2013-6-2,10:12:0,4,129,1142,2013-6-1,33,18:14:0,F,1,481.00,48
2013-6-4,11:52:0,20,81,1143,2013-6-1,34,9:16:0,T,2,423.00,101
2013-6-2,3:52:0,16,49,1144,2013-6-2,47,1:11:0,F,1,248.00,115
2013-6-4,11:43:0,6,134,1145,2013-6-3,50,16:45:0,F,3,349.00,127
2013-6-2,17:38:0,17,6,1146,2013-6-2,42,3:21:0,F,3,409.00,137
2013-6-4,4:22:0,10,140,1147,2013-6-2,26,2:34:0,T,1,356.00,46
2013-6-1,21:37:0,14,135,1148,2013-6-1,22,10:41:0,T,2,406.00,20
2013-6-3,5:14:0,7,16,1149,2013-6-2,14,1:44:0,T,2,245.00,144
2013-6-2,22:1:0,7,28,1150,2013-6-1,44,5:18:0,T,2,251.00,64
2013-6-3,9:27:0,19,81,1151,2013-6-2,38,14:21:0,T,2,326.00,145
2013-6-4,19:59:0,2,103,1152,2013-6-3,38,0:1:0,F,3,266.00,32
2013-6-4,17:11:0,10,38,1153,2013-6-2,48,5:41:0,T,1,225.00,99
2013-6-3,23:24:0,2,100,1154,2013-6-3,5,17:56:0,F,3,322.00,103
2013-6-2,19:40:0,12,9,1155,2013-6-2,10,1:15:0,F,2,445.00,97
2013-6-4,17:42:0,3,152,1156,2013-6-1,8,11:55:0,T,3,395.00,139
2013-6-4,16:39:0,6,154,1157,2013-6-2,33,14:50:0,F,1,213.00,89
2013-6-1,14:53:0,2,94,1158,2013-6-1,32,6:13:0,F,1,392.00,76
2013-6-3,23:42:0,19,42,1159,2013-6-3,28,14:48:0,F,3,302.00,73
2013-6-1,16:1:0,15,93,1160,2013-6-1,17,12:36:0,T,2,300.00,150
2013-6-3,22:55:0,22,78,1161,2013-6-2,38,1:37:0,F,2,482.00,55
2013-6-2,23:39:0,20,147,1162,2013-6-2,15,8:40:0,F,2,270.00,134
2013-6-1,11:40:0,13,23,1163,2013-6-1,20,9:37:0,T,2,429.00,108
2013-6-4,21:40:0,15,52,1164,2013-6-2,25,11:1:0,F,1,446.00,87
2013-6-3,10:14:0,15,12,1165,2013-6-2,32,0:47:0,T,2,354.00,127
2013-6-4,18:51:0,4,21,1166,2013-6-3,48,15:50:0,T,2,404.00,135
2013-6-2,22:25:0,24,21,1167,2013-6-1,34,4:14:0,T,3,308.00,111
2013-6-4,15:29:0,3,86,1168,2013-6-3,16,7:59:0,F,2,321.00,98
2013-6-2,18:13:0,23,48,1169,2013-6-2,6,6:27:0,F,3,460.00,14
2013-6-3,1:54:0,16,144,1170,2013-6-1,31,19:4:0,T,1,294.00,76
2013-6-3,23:33:0,22,79,1171,2013-6-1,45,20:14:0,F,1,495.00,21
2013-6-3,0:14:0,2,36,1172,2013-6-1,11,5:52:0,T,3,490.00,12
2013-6-2,10:21:0,8,125,1173,2013-6-1,26,4:44:0,F,1,304.00,58
2013-6-3,13:14:0,5,15,1174,2013-6-2,22,12:49:0,T,3,490.00,19
2013-6-2,11:6:0,19,100,1175,2013-6-1,30,16:21:0,T,1,226.00,65
2013-6-2,0:5:0,5,116,1176,2013-6-1,14,20:0:0,F,1,253.00,110
2013-6-2,16:22:0,11,39,1177,2013-6-1,41,16:58:0,F,1,238.00,111
2013-6-4,3:49:0,4,33,1178,2013-6-1,32,11:55:0,F,2,321.00,23
2013-6-4,10:43:0,24,150,1179,2013-6-3,5,2:36:0,T,2,274.00,120
2013-6-3,15:17:0,17,146,1180,2013-6-1,30,19:11:0,T,1,335.00,7
2013-6-3,0:21:0,7,36,1181,2013-6-2,40,15:58:0,F,2,407.00,134
2013-6-4,20:23:0,4,97,1182,2013-6-1,13,13:17:0,T,1,406.00,37
2013-6-4,8:43:0,11,96,1183,2013-6-1,28,10:29:0,F,2,385.00,54
2013-6-4,6:29:0,12,112,1184,2013-6-3,17,15:10:0,F,1,448.00,5
2013-6-4,5:26:0,14,111,1185,2013-6-3,38,19:9:0,T,3,302.00,139
2013-6-3,11:16:0,21,85,1186,2013-6-2,15,20:15:0,F,2,328.00,148
2013-6-4,9:12:0,22,108,1187,2013-6-2,48,21:17:0,F,3,393.00,47
2013-6-1,22:51:0,6,117,1188,2013-6-1,14,22:31:0,F,1,261.00,113
2013-6-3,5:25:0,18,12,1189,2013-6-1,28,18:35:0,T,2,229.00,18
2013-6-3,16:58:0,22,23,1190,2013-6-2,23,12:56:0,T,1,445.00,106
2013-6-4,15:24:0,9,89,1191,2013-6-2,41,22:50:0,T,1,489.00,5
2013-6-4,14:6:0,16,44,1192,2013-6-3,26,23:11:0,F,3,247.00,153
2013-6-1,19:17:0,8,84,1193,2013-6-1,17,18:47:0,F,2,243.00,56
2013-6-4,8:8:0,21,134,1194,2013-6-2,15,18:24:0,F,1,311.00,6
2013-6-4,15:16:0,1,89,1195,2013-6-2,9,2:35:0,F,1,341.00,50
2013-6-4,0:38:0,12,127,1196,2013-6-1,23,1:53:0,T,1,300.00,41
2013-6-2,16:38:0,12,126,1197,2013-6-2,39,9:26:0,T,2,445.00,90
2013-6-3,4:50:0,5,33,1198,2013-6-3,4,2:16:0,F,1,414.00,53
2013-6-3,18:20:0,19,112,1199,2013-6-1,10,4:52:0,T,2,447.00,11
2013-6-4,3:22:0,17,123,1200,2013-6-1,12,11:0:0,T,1,493.00,128
2013-6-26,23:35:0,19,55,1201,2013-6-25,47,16:9:0,T,1,865.00,72,
2013-6-1,23:35:0,1,2,1202,2013-6-1,11,18:9:0,T,2,888.00,2,
2013-6-2,22:35:0,2,2,1203,2013-6-2,12,17:9:0,T,1,777.00,1,
2013-6-1,21:35:0,1,2,1204,2013-6-1,0,16:9:0,T,2,888.00,2,
2013-6-2,20:35:0,2,1,1205,2013-6-2,0,12:39:0,F,1,599.00,1,
2013-6-1,19:35:0,1,1,1206,2013-6-1,22,13:39:0,T,2,865.00,2,
2013-6-2,18:35:0,2,1,1207,2013-6-2,12,10:39:0,F,3,865.00,1,
2013-6-2,17:35:0,1,1,1208,2013-6-2,40,11:39:0,T,2,865.00,2,
2013-6-2,17:35:0,19,1,1209,2013-6-2,3,11:39:0,T,2,865.00,2,
2013-6-2,18:35:0,4,1,1210,2013-6-2,9,13:39:0,F,2,765.00,2,